review_id,product_id,date,rating,text,review_order,sentence_count,word_count,overall_text_sentiment,mean_aspect_sentiment,aspects_mentioned_count,focal_battery,focal_camera,focal_display,focal_performance,focal_build_quality,focal_price_value,focal_software,rating_normalized,prior_review_count,prior_rating_mean,prior_rating_variance,mean_env_dissonance,aged_dissonance,aged_signed_gap,prior_env_battery,prior_vol_battery,mismatch_battery,dissonance_battery,prior_env_camera,prior_vol_camera,mismatch_camera,dissonance_camera,prior_env_display,prior_vol_display,mismatch_display,dissonance_display,prior_env_performance,prior_vol_performance,mismatch_performance,dissonance_performance,prior_env_build_quality,prior_vol_build_quality,mismatch_build_quality,dissonance_build_quality,prior_env_price_value,prior_vol_price_value,mismatch_price_value,dissonance_price_value,prior_env_software,prior_vol_software,mismatch_software,dissonance_software,has_prior_history
rev_PROD-ALPHA-100_001,PROD-ALPHA-100,2025-01-16 22:00:00,5.0,"The battery life is stellar, easily lasting two full days on a single charge. Bezels are razor-thin with beautiful HDR contrast.",1,2,21,0.8779,0.66725,2,0.7351,,0.5994,,,,,1.0,0,,,,0.33275,0.33275,,0,,,,0,,,,0,,,,0,,,,0,,,,0,,,,0,,,False
rev_PROD-ALPHA-100_002,PROD-ALPHA-100,2025-01-18 14:00:00,5.0,"Unbelievable value for money at this price point. Fluid UI animations, the chipset stays completely cool.",2,2,16,0.8399,0.6311,3,,,,0.6997,,0.4939,0.6997,1.0,1,5.0,0.0,,0.3689,0.3689,0.7351,1,,,,0,,,0.5994,1,,,,0,,,,0,,,,0,,,,0,,,True
rev_PROD-ALPHA-100_003,PROD-ALPHA-100,2025-01-20 10:00:00,5.0,Worth every single penny spent on this purchase. The camera captures crisp details and punchy natural colors.,3,2,17,0.8625,0.6268333333333332,3,,0.8271,0.8271,,,0.2263,,1.0,2,5.0,0.0,0.24764999999999995,0.37316666666666676,0.37316666666666676,0.7351,1,,,,0,,,0.5994,1,0.2276999999999999,0.2276999999999999,0.6997,1,,,,0,,,0.4939,1,-0.2676,0.2676,0.6997,1,,,True
rev_PROD-ALPHA-100_004,PROD-ALPHA-100,2025-01-21 20:00:00,5.0,"Charging is blazing fast with 65W, 0 to 80% in 25 minutes. Night mode is magical, crisp photos even in dim lighting. Outdoor brightness is incredible, easily readable in direct sunlight.",4,3,31,0.9001,0.5640666666666667,3,0.5859,0.4939,0.6124,,,,,1.0,3,5.0,0.0,0.1944166666666666,0.4359333333333333,0.4359333333333333,0.7351,1,-0.1492,0.1492,0.8271,1,-0.33319999999999994,0.33319999999999994,0.7132499999999999,2,-0.10084999999999988,0.10084999999999988,0.6997,1,,,,0,,,0.3601,2,,,0.6997,1,,,True
rev_PROD-ALPHA-100_005,PROD-ALPHA-100,2025-01-22 08:00:00,5.0,"Bezels are razor-thin with beautiful HDR contrast. Affordable budget device with flagship-grade features. Charging is blazing fast with 65W, 0 to 80% in 25 minutes.",5,3,25,0.8271,0.3951,3,0.5859,,0.5994,,,0.0,,1.0,4,5.0,0.0,0.1716444444444444,0.6049,0.6049,0.6605,2,-0.0746,0.0746,0.6605,2,,,0.6796333333333333,3,-0.08023333333333327,0.08023333333333327,0.6997,1,,,,0,,,0.3601,2,-0.3601,0.3601,0.6997,1,,,True
rev_PROD-ALPHA-100_006,PROD-ALPHA-100,2025-01-24 06:00:00,5.0,"Worth every single penny spent on this purchase. Night mode is magical, crisp photos even in dim lighting. Display has an annoying green tint at low brightness levels.",6,3,28,0.4404,0.1414,3,,0.4939,-0.296,,,0.2263,,1.0,5,5.0,0.0,0.3786472222222222,0.8586,0.8586,0.6356333333333333,3,,,0.6605,2,-0.16659999999999997,0.16659999999999997,0.659575,4,-0.9555750000000001,0.9555750000000001,0.6997,1,,,,0,,,0.24006666666666665,3,-0.01376666666666665,0.01376666666666665,0.6997,1,,,True
rev_PROD-ALPHA-100_007,PROD-ALPHA-100,2025-01-24 18:00:00,5.0,The 120Hz AMOLED display is silky smooth and vibrant. Performance is blazing fast with zero lag during heavy gaming. Worth every single penny spent on this purchase.,7,3,27,0.6808,0.35164999999999996,3,,,0.5267,0.30195,,0.2263,,1.0,6,5.0,0.0,0.1554383333333333,0.64835,0.64835,0.6356333333333333,3,,,0.6049666666666667,3,,,0.46846000000000004,5,0.0582399999999999,0.0582399999999999,0.6997,1,-0.39775,0.39775,,0,,,0.23662499999999997,4,-0.010324999999999973,0.010324999999999973,0.6997,1,,,True
rev_PROD-ALPHA-100_008,PROD-ALPHA-100,2025-01-26 17:00:00,5.0,"Unbelievable value for money at this price point. Night mode is magical, crisp photos even in dim lighting.",8,2,18,0.7506,0.4939,2,,0.4939,,,,0.4939,,1.0,7,5.0,0.0,0.18520333333333333,0.5061,0.5061,0.6356333333333333,3,,,0.6049666666666667,3,-0.11106666666666665,0.11106666666666665,0.4781666666666667,6,,,0.500825,2,,,,0,,,0.23455999999999996,5,0.25934,0.25934,0.6997,1,,,True
rev_PROD-ALPHA-100_009,PROD-ALPHA-100,2025-01-27 16:00:00,5.0,"The 120Hz AMOLED display is silky smooth and vibrant. Charging is blazing fast with 65W, 0 to 80% in 25 minutes.",9,2,21,0.802,0.5464333333333333,3,0.5859,,0.5267,0.5267,,,,1.0,8,5.0,0.0,0.04138055555555551,0.4535666666666667,0.4535666666666667,0.6356333333333333,3,-0.049733333333333296,0.049733333333333296,0.5771999999999999,4,,,0.4781666666666667,6,0.04853333333333326,0.04853333333333326,0.500825,2,0.02587499999999998,0.02587499999999998,,0,,,0.2777833333333333,6,,,0.6997,1,,,True
rev_PROD-ALPHA-100_010,PROD-ALPHA-100,2025-01-28 15:00:00,5.0,"Night mode is magical, crisp photos even in dim lighting. Bezels are razor-thin with beautiful HDR contrast.",10,2,17,0.7964,0.5466500000000001,2,,0.4939,0.5994,,,,,1.0,9,5.0,0.0,0.09879999999999997,0.4533499999999999,0.4533499999999999,0.6232,4,,,0.5771999999999999,4,-0.08329999999999993,0.08329999999999993,0.48510000000000003,7,0.11430000000000001,0.11430000000000001,0.50945,3,,,,0,,,0.2777833333333333,6,,,0.6997,1,,,True
rev_PROD-ALPHA-100_011,PROD-ALPHA-100,2025-01-30 02:00:00,5.0,Bezels are razor-thin with beautiful HDR contrast. Portrait lens creates a gorgeous creamy bokeh effect.,11,2,15,0.8625,0.6451,2,,0.6908,0.5994,,,,,1.0,10,5.0,0.0,0.11513625000000002,0.3549,0.3549,0.6232,4,,,0.5605399999999999,5,0.13026000000000004,0.13026000000000004,0.49938750000000004,8,0.1000125,0.1000125,0.50945,3,,,,0,,,0.2777833333333333,6,,,0.6997,1,,,True
rev_PROD-ALPHA-100_012,PROD-ALPHA-100,2025-01-31 21:00:00,5.0,Unbelievable value for money at this price point. Performance is blazing fast with zero lag during heavy gaming. The camera captures crisp details and punchy natural colors.,12,3,27,0.9042,0.556325,4,,0.8271,0.8271,0.0772,,0.4939,,1.0,11,5.0,0.0,0.3024541666666667,0.44367500000000004,0.44367500000000004,0.6232,4,,,0.5822499999999999,6,0.24485,0.24485,0.5105,9,0.3166,0.3166,0.50945,3,-0.43224999999999997,0.43224999999999997,,0,,,0.2777833333333333,6,0.21611666666666668,0.21611666666666668,0.6997,1,,,True
rev_PROD-ALPHA-100_013,PROD-ALPHA-100,2025-02-01 12:00:00,5.0,"Fluid UI animations, the chipset stays completely cool. Severe battery draining issue after the latest firmware patch.",13,2,17,-0.1494,0.22416666666666665,3,-0.7269,,,0.6997,,,0.6997,1.0,12,5.0,0.0,0.5494708333333332,0.7758333333333334,0.7758333333333334,0.6232,4,-1.3500999999999999,1.3500999999999999,0.6172285714285713,7,,,0.54216,10,,,0.40138749999999995,4,0.29831250000000004,0.29831250000000004,,0,,,0.3086571428571428,7,,,0.6997,1,0.0,0.0,True
rev_PROD-ALPHA-100_014,PROD-ALPHA-100,2025-02-02 10:00:00,5.0,"Charging is blazing fast with 65W, 0 to 80% in 25 minutes. Outdoor brightness is incredible, easily readable in direct sunlight.",14,2,21,0.8316,0.5991500000000001,2,0.5859,,0.6124,,,,,1.0,13,5.0,0.0,0.15148000000000006,0.40084999999999993,0.40084999999999993,0.35317999999999994,5,0.23272000000000004,0.23272000000000004,0.6172285714285713,7,,,0.54216,10,0.07024000000000008,0.07024000000000008,0.46105,5,,,,0,,,0.3086571428571428,7,,,0.6997,2,,,True
rev_PROD-ALPHA-100_015,PROD-ALPHA-100,2025-02-03 02:00:00,5.0,"Excellent battery backup, 8 hours of screen-on-time easily. Washed out colors and poor viewing angles. Fluid UI animations, the chipset stays completely cool.",15,3,23,0.8313,0.56285,4,0.7269,,0.1251,0.6997,,,0.6997,1.0,14,5.0,0.0,0.249257196969697,0.43715000000000004,0.43715000000000004,0.39196666666666663,6,0.33493333333333336,0.33493333333333336,0.6172285714285713,7,,,0.5485454545454546,11,-0.42344545454545457,0.42344545454545457,0.46105,5,0.23864999999999997,0.23864999999999997,,0,,,0.3086571428571428,7,,,0.6997,2,0.0,0.0,True
rev_PROD-ALPHA-100_016,PROD-ALPHA-100,2025-02-04 16:00:00,5.0,Portrait lens creates a gorgeous creamy bokeh effect. Washed out colors and poor viewing angles.,16,2,15,0.3818,0.10704999999999998,2,,0.6908,-0.4767,,,,,1.0,15,5.0,0.0,0.531764880952381,0.89295,0.89295,0.4398142857142857,7,,,0.6172285714285713,7,0.07357142857142862,0.07357142857142862,0.5132583333333333,12,-0.9899583333333333,0.9899583333333333,0.500825,6,,,,0,,,0.3086571428571428,7,,,0.6997,3,,,True
rev_PROD-ALPHA-100_017,PROD-ALPHA-100,2025-02-04 22:00:00,4.0,"The phone overheats during basic navigation and gaming drops fps. The battery life is stellar, easily lasting two full days on a single charge. Massively overpriced for what it offers.",17,3,30,0.7351,0.24503333333333333,3,0.7351,,,0.0,,0.0,,0.5,16,5.0,0.0,0.3682559523809523,0.2549666666666667,0.2549666666666667,0.4398142857142857,7,0.29528571428571426,0.29528571428571426,0.626425,8,,,0.43710769230769225,13,,,0.500825,6,-0.500825,0.500825,,0,,,0.3086571428571428,7,-0.3086571428571428,0.3086571428571428,0.6997,3,,,True
rev_PROD-ALPHA-100_018,PROD-ALPHA-100,2025-02-05 09:00:00,5.0,"Excellent battery backup, 8 hours of screen-on-time easily. Portrait lens creates a gorgeous creamy bokeh effect. Cheap plastic feel does not justify this premium cost.",18,3,25,0.9449,0.69172,5,0.7269,0.6908,0.7269,,0.657,0.657,,1.0,17,4.9411764705882355,0.0588235294117645,0.24781682692307694,0.30828,0.30828,0.476725,8,0.250175,0.250175,0.626425,8,0.06437499999999996,0.06437499999999996,0.43710769230769225,13,0.28979230769230774,0.28979230769230774,0.42927857142857145,7,,,,0,,,0.27007499999999995,8,0.3869250000000001,0.3869250000000001,0.6997,3,,,True
rev_PROD-ALPHA-100_019,PROD-ALPHA-100,2025-02-06 04:00:00,5.0,"Washed out colors and poor viewing angles. Fluid UI animations, the chipset stays completely cool.",19,2,15,0.4005,0.30756666666666665,3,,,-0.4767,0.6997,,,0.6997,1.0,18,4.944444444444445,0.0555555555555563,0.40164285714285713,0.6924333333333333,0.6924333333333333,0.5045222222222222,9,,,0.6335777777777778,9,,,0.4578071428571428,14,-0.9345071428571428,0.9345071428571428,0.42927857142857145,7,0.27042142857142853,0.27042142857142853,0.657,1,,,0.3130666666666666,9,,,0.6997,3,0.0,0.0,True
rev_PROD-ALPHA-100_020,PROD-ALPHA-100,2025-02-07 14:00:00,5.0,The camera captures crisp details and punchy natural colors. Unbelievable value for money at this price point.,20,2,17,0.8979,0.7160333333333333,3,,0.8271,0.8271,,,0.4939,,1.0,19,4.947368421052632,0.05263157894736992,0.2686496296296296,0.2839666666666667,0.2839666666666667,0.5045222222222222,9,,,0.6335777777777778,9,0.19352222222222215,0.19352222222222215,0.3955066666666666,15,0.43159333333333333,0.43159333333333333,0.46308125,8,,,0.657,1,,,0.3130666666666666,9,0.1808333333333334,0.1808333333333334,0.6997,4,,,True
rev_PROD-ALPHA-100_021,PROD-ALPHA-100,2025-02-09 09:00:00,2.0,"The battery life is stellar, easily lasting two full days on a single charge. Massively overpriced for what it offers.",21,2,20,0.7351,0.36755,2,0.7351,,,,,0.0,,-0.5,20,4.95,0.0499999999999994,0.28086388888888886,0.86755,-0.86755,0.5045222222222222,9,0.23057777777777777,0.23057777777777777,0.65293,10,,,0.4224812499999999,16,,,0.46308125,8,,,0.657,1,,,0.33114999999999994,10,-0.33114999999999994,0.33114999999999994,0.6997,4,,,True
rev_PROD-ALPHA-100_022,PROD-ALPHA-100,2025-02-09 19:00:00,3.0,"Display has an annoying green tint at low brightness levels. Fluid UI animations, the chipset stays completely cool.",22,2,18,0.5563,0.36779999999999996,3,,,-0.296,0.6997,,,0.6997,0.0,21,4.809523809523809,0.46190476190476204,0.31836666666666663,0.36779999999999996,-0.36779999999999996,0.52758,10,,,0.65293,10,,,0.4224812499999999,16,-0.71848125,0.71848125,0.46308125,8,0.23661875,0.23661875,0.657,1,,,0.3010454545454545,11,,,0.6997,4,0.0,0.0,True
rev_PROD-ALPHA-100_023,PROD-ALPHA-100,2025-02-11 07:00:00,2.0,Noticeable lag when switching apps and intense thermal throttling. Affordable budget device with flagship-grade features.,23,2,15,-0.7506,-0.3753,2,,,,-0.7506,,0.0,,-0.5,22,4.7272727272727275,0.5887445887445892,0.7705088383838383,0.12469999999999998,-0.12469999999999998,0.52758,10,,,0.65293,10,,,0.38021764705882344,17,,,0.4893722222222222,9,-1.2399722222222223,1.2399722222222223,0.657,1,,,0.3010454545454545,11,-0.3010454545454545,0.3010454545454545,0.6997,5,,,True
rev_PROD-ALPHA-100_024,PROD-ALPHA-100,2025-02-12 15:00:00,3.0,The charger gets alarmingly warm and the phone dies by afternoon. Unbelievable value for money at this price point. Noticeable lag when switching apps and intense thermal throttling.,24,3,28,-0.7096,-0.16141666666666668,3,-0.4019,,,-0.57625,,0.4939,,0.0,23,4.608695652173913,0.885375494071145,0.6963488888888888,0.16141666666666668,0.16141666666666668,0.52758,10,-0.9294800000000001,0.9294800000000001,0.65293,10,,,0.38021764705882344,17,,,0.365375,10,-0.941625,0.941625,0.657,1,,,0.2759583333333333,12,0.2179416666666667,0.2179416666666667,0.6997,5,,,True
rev_PROD-ALPHA-100_025,PROD-ALPHA-100,2025-02-14 01:00:00,2.0,Noticeable lag when switching apps and intense thermal throttling. The camera captures crisp details and punchy natural colors.,25,2,18,0.3182,0.30119999999999997,3,,0.8271,0.8271,-0.7506,,,,-0.5,24,4.541666666666667,0.9547101449275354,0.5504750267379679,0.8011999999999999,-0.8011999999999999,0.4430818181818182,11,,,0.65293,10,0.17416999999999994,0.17416999999999994,0.38021764705882344,17,0.4468823529411765,0.4468823529411765,0.2797727272727273,11,-1.0303727272727272,1.0303727272727272,0.657,1,,,0.2927230769230769,13,,,0.6997,5,,,True
rev_PROD-ALPHA-100_026,PROD-ALPHA-100,2025-02-15 18:00:00,2.0,"The battery life is stellar, easily lasting two full days on a single charge. Cheap plastic feel does not justify this premium cost.",26,2,23,0.8904,0.6830333333333334,3,0.7351,,,,0.657,0.657,,-0.5,25,4.44,1.1733333333333344,0.21876503496503497,1.1830333333333334,-1.1830333333333334,0.4430818181818182,11,0.2920181818181818,0.2920181818181818,0.6687636363636363,11,,,0.4050444444444443,18,,,0.19390833333333335,12,,,0.657,1,0.0,0.0,0.2927230769230769,13,0.3642769230769231,0.3642769230769231,0.6997,5,,,True
rev_PROD-ALPHA-100_027,PROD-ALPHA-100,2025-02-16 13:00:00,3.0,"The charger gets alarmingly warm and the phone dies by afternoon. The shutter lag makes it impossible to capture moving kids or pets. Terrible stuttering in the UI, feels slow and unoptimized.",27,3,32,-0.891,-0.5112333333333333,3,-0.4019,,,-0.47209999999999996,,,-0.6597,0.0,26,4.346153846153846,1.3553846153846143,0.9649083333333333,0.5112333333333333,0.5112333333333333,0.46741666666666665,12,-0.8693166666666666,0.8693166666666666,0.6687636363636363,11,,,0.4050444444444443,18,,,0.19390833333333335,12,-0.6660083333333333,0.6660083333333333,0.657,2,,,0.3187428571428571,14,,,0.6997,5,-1.3594,1.3594,True
rev_PROD-ALPHA-100_028,PROD-ALPHA-100,2025-02-18 06:00:00,1.0,Camera photos look washed out and blurry in low light. Worth every single penny spent on this purchase. The phone overheats during basic navigation and gaming drops fps.,28,3,28,-0.4939,-0.13286666666666666,3,,-0.6249,,0.0,,0.2263,,-1.0,27,4.296296296296297,1.37037037037037,0.5095944721944722,0.8671333333333333,-0.8671333333333333,0.40054615384615383,13,,,0.6687636363636363,11,-1.2936636363636365,1.2936636363636365,0.4050444444444443,18,,,0.1426769230769231,13,-0.1426769230769231,0.1426769230769231,0.657,2,,,0.3187428571428571,14,-0.0924428571428571,0.0924428571428571,0.47313333333333335,6,,,True
rev_PROD-ALPHA-100_029,PROD-ALPHA-100,2025-02-18 15:00:00,4.0,"Unbelievable value for money at this price point. The camera captures crisp details and punchy natural colors. Excellent battery backup, 8 hours of screen-on-time easily.",29,3,25,0.9517,0.7062249999999999,4,0.7269,0.8271,0.7769999999999999,,,0.4939,,0.5,28,4.178571428571429,1.7076719576719568,0.28644276709401706,0.20622499999999988,-0.20622499999999988,0.40054615384615383,13,0.32635384615384616,0.32635384615384616,0.5609583333333333,12,0.2661416666666666,0.2661416666666666,0.4050444444444443,18,0.3719555555555556,0.3719555555555556,0.1324857142857143,14,,,0.657,2,,,0.31257999999999997,15,0.18132000000000004,0.18132000000000004,0.47313333333333335,6,,,True
rev_PROD-ALPHA-100_030,PROD-ALPHA-100,2025-02-19 22:00:00,5.0,"Unbelievable value for money at this price point. Night mode is magical, crisp photos even in dim lighting.",30,2,18,0.7506,0.4939,2,,0.4939,,,,0.4939,,1.0,29,4.172413793103448,1.6477832512315262,0.1287591346153846,0.5061,0.5061,0.4238571428571428,14,,,0.5814307692307692,13,-0.08753076923076919,0.08753076923076919,0.42462105263157884,19,,,0.1324857142857143,14,,,0.657,2,,,0.3239125,16,0.1699875,0.1699875,0.47313333333333335,6,,,True
rev_PROD-ALPHA-100_031,PROD-ALPHA-100,2025-02-20 20:00:00,2.0,"Display has an annoying green tint at low brightness levels. Night mode is magical, crisp photos even in dim lighting.",31,2,20,0.25,0.09895000000000001,2,,0.4939,-0.296,,,,,-0.5,30,4.2,1.6137931034482742,0.40094981203007507,0.59895,-0.59895,0.4238571428571428,14,,,0.5751785714285713,14,-0.08127857142857131,0.08127857142857131,0.42462105263157884,19,-0.7206210526315788,0.7206210526315788,0.1324857142857143,14,,,0.657,2,,,0.33391176470588235,17,,,0.47313333333333335,6,,,True
rev_PROD-ALPHA-100_032,PROD-ALPHA-100,2025-02-21 22:00:00,4.0,"Excellent battery backup, 8 hours of screen-on-time easily. Performance is blazing fast with zero lag during heavy gaming.",32,2,18,0.7506,0.5103333333333333,3,0.7269,,0.7269,0.0772,,,,0.5,31,4.129032258064516,1.716129032258065,0.2322128571428572,0.010333333333333306,-0.010333333333333306,0.4238571428571428,14,0.30304285714285717,0.30304285714285717,0.5697599999999999,15,,,0.3885899999999999,20,0.3383100000000001,0.3383100000000001,0.1324857142857143,14,-0.055285714285714285,0.055285714285714285,0.657,2,,,0.33391176470588235,17,,,0.47313333333333335,6,,,True
rev_PROD-ALPHA-100_033,PROD-ALPHA-100,2025-02-23 12:00:00,2.0,"Night mode is magical, crisp photos even in dim lighting. Screen scratches way too easily and refresh rate drops to 60Hz randomly. Excellent battery backup, 8 hours of screen-on-time easily.",33,3,30,0.8934,0.5235625,4,0.7269,0.4939,0.53345,,0.34,,,-0.5,32,4.125,1.6612903225806452,0.20111250000000003,1.0235625000000002,-1.0235625000000002,0.44405999999999995,15,0.28284000000000004,0.28284000000000004,0.5697599999999999,15,-0.07585999999999993,0.07585999999999993,0.4046999999999999,21,0.1287500000000001,0.1287500000000001,0.1288,15,,,0.657,2,-0.317,0.317,0.33391176470588235,17,,,0.47313333333333335,6,,,True
rev_PROD-ALPHA-100_034,PROD-ALPHA-100,2025-02-25 09:00:00,5.0,Unbelievable value for money at this price point. The 120Hz AMOLED display is silky smooth and vibrant.,34,2,17,0.765,0.5157666666666666,3,,,0.5267,0.5267,,0.4939,,1.0,33,4.0606060606060606,1.746212121212121,0.2246786541889483,0.4842333333333334,0.4842333333333334,0.4617374999999999,16,,,0.5650187499999999,16,,,0.4105522727272726,22,0.11614772727272732,0.11614772727272732,0.1288,15,0.3978999999999999,0.3978999999999999,0.5513333333333333,3,,,0.33391176470588235,17,0.15998823529411765,0.15998823529411765,0.47313333333333335,6,,,True
rev_PROD-ALPHA-100_035,PROD-ALPHA-100,2025-02-25 22:00:00,1.0,Poor value proposition compared to competing devices. The shutter lag makes it impossible to capture moving kids or pets.,35,2,19,-0.6369,-0.3601,2,,,,-0.5423,,-0.1779,,-1.0,34,4.088235294117647,1.7192513368983962,0.608334375,0.6399,-0.6399,0.4617374999999999,16,,,0.5650187499999999,16,,,0.4156021739130434,23,,,0.15366875000000002,16,-0.69596875,0.69596875,0.5513333333333333,3,,,0.3428,18,-0.5206999999999999,0.5206999999999999,0.47313333333333335,6,,,True
rev_PROD-ALPHA-100_036,PROD-ALPHA-100,2025-02-27 20:00:00,1.0,Unbelievable value for money at this price point. The phone overheats during basic navigation and gaming drops fps. The camera captures crisp details and punchy natural colors.,36,3,27,0.8979,0.537025,4,,0.8271,0.8271,0.0,,0.4939,,-1.0,35,4.0,1.9411764705882353,0.24120343775238934,1.5370249999999999,-1.5370249999999999,0.4617374999999999,16,,,0.5650187499999999,16,0.26208125000000004,0.26208125000000004,0.4156021739130434,23,0.41149782608695656,0.41149782608695656,0.1127294117647059,17,-0.1127294117647059,0.1127294117647059,0.5513333333333333,3,,,0.3153947368421052,19,0.17850526315789478,0.17850526315789478,0.47313333333333335,6,,,True
rev_PROD-ALPHA-100_037,PROD-ALPHA-100,2025-02-28 23:00:00,4.0,Bezels are razor-thin with beautiful HDR contrast. Portrait lens creates a gorgeous creamy bokeh effect.,37,2,15,0.8625,0.6451,2,,0.6908,0.5994,,,,,0.5,36,3.9166666666666665,2.1357142857142857,0.13850839460784325,0.1451,-0.1451,0.4617374999999999,16,,,0.5804352941176469,17,0.11036470588235303,0.11036470588235303,0.43274791666666657,24,0.16665208333333348,0.16665208333333348,0.10646666666666668,18,,,0.5513333333333333,3,,,0.32432,20,,,0.47313333333333335,6,,,True
rev_PROD-ALPHA-100_038,PROD-ALPHA-100,2025-03-01 12:00:00,4.0,"Portrait lens creates a gorgeous creamy bokeh effect. Charging is blazing fast with 65W, 0 to 80% in 25 minutes.",38,2,20,0.8591,0.63835,2,0.5859,0.6908,,,,,,0.5,37,3.918918918918919,2.076576576576577,0.11419791666666673,0.13834999999999997,-0.13834999999999997,0.4617374999999999,16,0.12416250000000006,0.12416250000000006,0.5865666666666666,18,0.1042333333333334,0.1042333333333334,0.43941399999999986,25,,,0.10646666666666668,18,,,0.5513333333333333,3,,,0.32432,20,,,0.47313333333333335,6,,,True
rev_PROD-ALPHA-100_039,PROD-ALPHA-100,2025-03-01 20:00:00,3.0,"Display has an annoying green tint at low brightness levels. Charging is blazing fast with 65W, 0 to 80% in 25 minutes. Night mode is magical, crisp photos even in dim lighting.",39,3,32,0.7003,0.2612666666666667,3,0.5859,0.4939,-0.296,,,,,0.0,38,3.9210526315789473,2.0206258890469426,0.31680848503611964,0.2612666666666667,-0.2612666666666667,0.46904117647058813,17,0.11685882352941185,0.11685882352941185,0.5920526315789472,19,-0.09815263157894716,0.09815263157894716,0.43941399999999986,25,-0.7354139999999998,0.7354139999999998,0.10646666666666668,18,,,0.5513333333333333,3,,,0.32432,20,,,0.47313333333333335,6,,,True
rev_PROD-ALPHA-100_040,PROD-ALPHA-100,2025-03-02 11:00:00,2.0,The camera captures crisp details and punchy natural colors. Cheap plastic feel does not justify this premium cost.,40,2,18,0.9197,0.74205,4,,0.8271,0.8271,,0.657,0.657,,-0.5,39,3.8974358974358974,1.9892037786774615,0.2735682051282052,1.2420499999999999,-1.2420499999999999,0.4755333333333332,18,,,0.5871449999999998,20,0.23995500000000014,0.23995500000000014,0.41112884615384604,26,0.4159711538461539,0.4159711538461539,0.10646666666666668,18,,,0.5513333333333333,3,0.10566666666666669,0.10566666666666669,0.32432,20,0.33268000000000003,0.33268000000000003,0.47313333333333335,6,,,True
rev_PROD-ALPHA-100_041,PROD-ALPHA-100,2025-03-04 11:00:00,2.0,The 120Hz AMOLED display is silky smooth and vibrant. Camera photos look washed out and blurry in low light.,41,2,19,-0.1779,0.14283333333333328,3,,-0.6249,0.5267,0.5267,,,,-0.5,40,3.85,2.028205128205129,0.5812898589065255,0.6428333333333333,-0.6428333333333333,0.4755333333333332,18,,,0.5985714285714284,21,-1.2234714285714285,1.2234714285714285,0.4265351851851851,27,0.10016481481481487,0.10016481481481487,0.10646666666666668,18,0.42023333333333324,0.42023333333333324,0.57775,4,,,0.3401619047619048,21,,,0.47313333333333335,6,,,True
rev_PROD-ALPHA-100_042,PROD-ALPHA-100,2025-03-05 07:00:00,1.0,Noticeable lag when switching apps and intense thermal throttling. Washed out colors and poor viewing angles.,42,2,16,-0.8591,-0.61365,2,,,-0.4767,-0.7506,,,,-1.0,41,3.8048780487804876,2.060975609756099,0.892998355263158,0.38634999999999997,-0.38634999999999997,0.4755333333333332,18,,,0.5429590909090908,22,,,0.4301124999999999,28,-0.9068124999999999,0.9068124999999999,0.1285842105263158,19,-0.8791842105263159,0.8791842105263159,0.57775,4,,,0.3401619047619048,21,,,0.47313333333333335,6,,,True
rev_PROD-ALPHA-100_043,PROD-ALPHA-100,2025-03-06 14:00:00,1.0,Washed out colors and poor viewing angles. Severe battery draining issue after the latest firmware patch. Camera photos look washed out and blurry in low light.,43,3,26,-0.9231,-0.6095,3,-0.7269,-0.6249,-0.4767,,,,,-1.0,42,3.738095238095238,2.1980255516840876,1.0819451758969,0.39049999999999996,-0.39049999999999996,0.4755333333333332,18,-1.2024333333333332,1.2024333333333332,0.5429590909090908,22,-1.167859090909091,1.167859090909091,0.3988431034482758,29,-0.8755431034482758,0.8755431034482758,0.08462500000000002,20,,,0.57775,4,,,0.3401619047619048,21,,,0.47313333333333335,6,,,True
rev_PROD-ALPHA-100_044,PROD-ALPHA-100,2025-03-07 12:00:00,2.0,Poor value proposition compared to competing devices. Washed out colors and poor viewing angles.,44,2,14,-0.5859,-0.32730000000000004,2,,,-0.4767,,,-0.1779,,-0.5,43,3.6744186046511627,2.3200442967884833,0.6822101190476191,0.17269999999999996,-0.17269999999999996,0.41224736842105253,19,,,0.492182608695652,23,,,0.3696583333333333,30,-0.8463583333333333,0.8463583333333333,0.08462500000000002,20,,,0.57775,4,,,0.3401619047619048,21,-0.5180619047619048,0.5180619047619048,0.47313333333333335,6,,,True
rev_PROD-ALPHA-100_045,PROD-ALPHA-100,2025-03-08 21:00:00,3.0,"Terrible stuttering in the UI, feels slow and unoptimized. Video recording stutters and the autofocus hunts constantly.",45,2,17,-0.7506,-0.45485,2,,-0.25,,,,,-0.6597,0.0,44,3.6363636363636362,2.329809725158561,0.9375079710144927,0.45485,0.45485,0.41224736842105253,19,,,0.492182608695652,23,-0.742182608695652,0.742182608695652,0.34235645161290323,31,,,0.08462500000000002,20,,,0.57775,4,,,0.3166136363636363,22,,,0.47313333333333335,6,-1.1328333333333334,1.1328333333333334,True
rev_PROD-ALPHA-100_046,PROD-ALPHA-100,2025-03-10 21:00:00,2.0,"Washed out colors and poor viewing angles. Fluid UI animations, the chipset stays completely cool.",46,2,15,0.4005,0.30756666666666665,3,,,-0.4767,0.6997,,,0.6997,-0.5,45,3.6222222222222222,2.285858585858586,0.6075104838709677,0.8075666666666667,-0.8075666666666667,0.41224736842105253,19,,,0.46125833333333316,24,,,0.34235645161290323,31,-0.8190564516129033,0.8190564516129033,0.08462500000000002,20,0.6150749999999999,0.6150749999999999,0.57775,4,,,0.3166136363636363,22,,,0.3113,7,0.38839999999999997,0.38839999999999997,True
rev_PROD-ALPHA-100_047,PROD-ALPHA-100,2025-03-12 21:00:00,3.0,"Outdoor brightness is incredible, easily readable in direct sunlight. Cheap plastic feel does not justify this premium cost.",47,2,18,0.8546,0.6421333333333333,3,,,0.6124,,0.657,0.657,,0.0,46,3.5869565217391304,2.2922705314009666,0.23842514204545462,0.6421333333333333,-0.6421333333333333,0.41224736842105253,19,,,0.46125833333333316,24,,,0.3167609375,32,0.29563906250000005,0.29563906250000005,0.11391428571428573,21,,,0.57775,4,0.07925000000000004,0.07925000000000004,0.3166136363636363,22,0.3403863636363637,0.3403863636363637,0.35985,8,,,True
rev_PROD-ALPHA-100_048,PROD-ALPHA-100,2025-03-13 11:00:00,5.0,Performance is blazing fast with zero lag during heavy gaming. Affordable budget device with flagship-grade features.,48,2,16,0.0772,0.0386,2,,,,0.0772,,0.0,,1.0,47,3.574468085106383,2.249768732654949,0.18406366459627327,0.9614,0.9614,0.41224736842105253,19,,,0.46125833333333316,24,,,0.325719696969697,33,,,0.11391428571428573,21,-0.03671428571428573,0.03671428571428573,0.5936,5,,,0.33141304347826084,23,-0.33141304347826084,0.33141304347826084,0.35985,8,,,True
rev_PROD-ALPHA-100_049,PROD-ALPHA-100,2025-03-15 04:00:00,2.0,Washed out colors and poor viewing angles. Affordable budget device with flagship-grade features.,49,2,13,-0.4767,-0.23835,2,,,-0.4767,,,0.0,,-0.5,48,3.6041666666666665,2.2442375886524815,0.5600119318181819,0.26165,-0.26165,0.41224736842105253,19,,,0.46125833333333316,24,,,0.325719696969697,33,-0.8024196969696971,0.8024196969696971,0.11224545454545455,22,,,0.5936,5,,,0.31760416666666663,24,-0.31760416666666663,0.31760416666666663,0.35985,8,,,True
rev_PROD-ALPHA-100_050,PROD-ALPHA-100,2025-03-16 14:00:00,1.0,"Camera photos look washed out and blurry in low light. Terrible stuttering in the UI, feels slow and unoptimized. Outdoor brightness is incredible, easily readable in direct sunlight.",50,3,28,-0.6705,-0.22406666666666664,3,,-0.6249,0.6124,,,,-0.6597,-1.0,49,3.5714285714285716,2.25,0.8053297385620913,0.7759333333333334,-0.7759333333333334,0.41224736842105253,19,,,0.46125833333333316,24,-1.0861583333333331,1.0861583333333331,0.3021191176470589,34,0.31028088235294116,0.31028088235294116,0.11224545454545455,22,,,0.5936,5,,,0.3049,25,,,0.35985,8,-1.01955,1.01955,True
rev_PROD-ALPHA-100_051,PROD-ALPHA-100,2025-03-17 11:00:00,2.0,"Camera photos look washed out and blurry in low light. Worth every single penny spent on this purchase. The battery life is stellar, easily lasting two full days on a single charge.",51,3,32,0.4588,0.11216666666666665,3,0.7351,-0.6249,,,,0.2263,,-0.5,50,3.52,2.3363265306122454,0.4813882105263158,0.6121666666666666,-0.6121666666666666,0.41224736842105253,19,0.32285263157894745,0.32285263157894745,0.41781199999999985,25,-1.0427119999999999,1.0427119999999999,0.31098428571428577,35,,,0.11224545454545455,22,,,0.5936,5,,,0.3049,25,-0.0786,0.0786,0.24656666666666668,9,,,True
rev_PROD-ALPHA-100_052,PROD-ALPHA-100,2025-03-18 19:00:00,1.0,Noticeable lag when switching apps and intense thermal throttling. Unbelievable value for money at this price point.,52,2,17,-0.4939,-0.12835000000000002,2,,,,-0.7506,,0.4939,,-1.0,51,3.4901960784313726,2.334901960784314,0.5274342657342658,0.87165,-0.87165,0.42838999999999994,20,,,0.37770769230769213,26,,,0.31098428571428577,35,,,0.11224545454545455,22,-0.8628454545454546,0.8628454545454546,0.5936,5,,,0.30187692307692304,26,0.19202307692307696,0.19202307692307696,0.24656666666666668,9,,,True
rev_PROD-ALPHA-100_053,PROD-ALPHA-100,2025-03-20 04:00:00,2.0,Camera photos look washed out and blurry in low light. Performance is blazing fast with zero lag during heavy gaming.,53,2,20,-0.5859,-0.27385,2,,-0.6249,,0.0772,,,,-0.5,52,3.4423076923076925,2.4083710407239822,0.5025386287625417,0.22615000000000002,-0.22615000000000002,0.42838999999999994,20,,,0.37770769230769213,26,-1.002607692307692,1.002607692307692,0.31098428571428577,35,,,0.07473043478260871,23,0.0024695652173912924,0.0024695652173912924,0.5936,5,,,0.3089888888888889,27,,,0.24656666666666668,9,,,True
rev_PROD-ALPHA-100_054,PROD-ALPHA-100,2025-03-20 18:00:00,5.0,"Worth every single penny spent on this purchase. Outdoor brightness is incredible, easily readable in direct sunlight. Portrait lens creates a gorgeous creamy bokeh effect.",54,3,25,0.891,0.5098333333333332,3,,0.6908,0.6124,,,0.2263,,1.0,53,3.4150943396226414,2.4013062409288817,0.24477684303350974,0.49016666666666675,0.49016666666666675,0.42838999999999994,20,,,0.3405740740740739,27,0.35022592592592605,0.35022592592592605,0.31098428571428577,35,0.3014157142857143,0.3014157142857143,0.07483333333333335,24,,,0.5936,5,,,0.3089888888888889,27,-0.08268888888888892,0.08268888888888892,0.24656666666666668,9,,,True
rev_PROD-ALPHA-100_055,PROD-ALPHA-100,2025-03-21 10:00:00,2.0,"Snappy multitasking, apps stay open in RAM with no stutters. Bezels are razor-thin with beautiful HDR contrast. Battery drain is horrific, it loses 20% in an hour on standby.",55,3,29,-0.6249,-0.058433333333333316,3,-0.8519,,0.5994,0.0772,,,,-0.5,54,3.4444444444444446,2.402515723270441,0.5208999074074073,0.44156666666666666,-0.44156666666666666,0.42838999999999994,20,-1.28029,1.28029,0.3530821428571427,28,,,0.3193569444444445,36,0.28004305555555553,0.28004305555555553,0.07483333333333335,24,0.002366666666666656,0.002366666666666656,0.5936,5,,,0.3060357142857143,28,,,0.24656666666666668,9,,,True
rev_PROD-ALPHA-100_056,PROD-ALPHA-100,2025-03-22 20:00:00,1.0,Screen scratches way too easily and refresh rate drops to 60Hz randomly. The camera captures crisp details and punchy natural colors.,56,2,21,0.8779,0.58355,3,,0.8271,0.58355,,0.34,,,-1.0,55,3.418181818181818,2.395959595959596,0.32808072715572717,1.58355,-1.58355,0.3674238095238095,21,,,0.3530821428571427,28,0.47401785714285727,0.47401785714285727,0.3269256756756757,37,0.2566243243243243,0.2566243243243243,0.07492800000000001,25,,,0.5936,5,-0.2536,0.2536,0.3060357142857143,28,,,0.24656666666666668,9,,,True
rev_PROD-ALPHA-100_057,PROD-ALPHA-100,2025-03-23 11:00:00,3.0,Performance is blazing fast with zero lag during heavy gaming. The shutter lag makes it impossible to capture moving kids or pets.,57,2,22,-0.4939,-0.23255,1,,,,-0.23255,,,,0.0,56,3.375,2.456818181818182,0.30747800000000003,0.23255,0.23255,0.3674238095238095,21,,,0.36942758620689636,29,,,0.33367894736842113,38,,,0.07492800000000001,25,-0.30747800000000003,0.30747800000000003,0.5513333333333333,6,,,0.3060357142857143,28,,,0.24656666666666668,9,,,True
rev_PROD-ALPHA-100_058,PROD-ALPHA-100,2025-03-24 22:00:00,2.0,"Severe battery draining issue after the latest firmware patch. The camera captures crisp details and punchy natural colors. Fluid UI animations, the chipset stays completely cool.",58,3,26,0.8122,0.46534,5,-0.7269,0.8271,0.8271,0.6997,,,0.6997,-0.5,57,3.3684210526315788,2.4154135338345872,0.6270297372409804,0.96534,-0.96534,0.3674238095238095,21,-1.0943238095238095,1.0943238095238095,0.36942758620689636,29,0.4576724137931036,0.4576724137931036,0.33367894736842113,38,0.4934210526315788,0.4934210526315788,0.06310192307692308,26,0.6365980769230769,0.6365980769230769,0.5513333333333333,6,,,0.3060357142857143,28,,,0.24656666666666668,9,0.4531333333333333,0.4531333333333333,True
rev_PROD-ALPHA-100_059,PROD-ALPHA-100,2025-03-26 10:00:00,3.0,"Outdoor brightness is incredible, easily readable in direct sunlight. Poor value proposition compared to competing devices.",59,2,16,0.5106,0.21725000000000003,2,,,0.6124,,,-0.1779,,0.0,58,3.3448275862068964,2.4053236539624927,0.37500247252747254,0.21725000000000003,-0.21725000000000003,0.3176818181818181,22,,,0.38468333333333316,30,,,0.3463307692307693,39,0.2660692307692308,0.2660692307692308,0.08667962962962962,27,,,0.5513333333333333,6,,,0.3060357142857143,28,-0.4839357142857143,0.4839357142857143,0.29188000000000003,10,,,True
rev_PROD-ALPHA-100_060,PROD-ALPHA-100,2025-03-28 06:00:00,3.0,The phone overheats during basic navigation and gaming drops fps. The shutter lag makes it impossible to capture moving kids or pets.,60,2,22,-0.5423,-0.27115,1,,,,-0.27115,,,,0.0,59,3.3389830508474576,2.365867913500877,0.3578296296296296,0.27115,0.27115,0.3176818181818181,22,,,0.38468333333333316,30,,,0.3529825000000001,40,,,0.08667962962962962,27,-0.3578296296296296,0.3578296296296296,0.5513333333333333,6,,,0.289348275862069,29,,,0.29188000000000003,10,,,True
rev_PROD-BETA-200_001,PROD-BETA-200,2025-01-16 07:00:00,5.0,"Terrible stuttering in the UI, feels slow and unoptimized. Night mode is magical, crisp photos even in dim lighting.",1,2,19,-0.296,-0.08289999999999997,2,,0.4939,,,,,-0.6597,1.0,0,,,,1.0829,1.0829,,0,,,,0,,,,0,,,,0,,,,0,,,,0,,,,0,,,False
rev_PROD-BETA-200_002,PROD-BETA-200,2025-01-18 02:00:00,5.0,"Charging is blazing fast with 65W, 0 to 80% in 25 minutes. Snappy multitasking, apps stay open in RAM with no stutters.",2,2,22,0.6249,0.33155,2,0.5859,,,0.0772,,,,1.0,1,5.0,0.0,,0.66845,0.66845,,0,,,0.4939,1,,,,0,,,,0,,,,0,,,,0,,,-0.6597,1,,,True
rev_PROD-BETA-200_003,PROD-BETA-200,2025-01-19 08:00:00,5.0,"Night mode is magical, crisp photos even in dim lighting. Snappy multitasking, apps stay open in RAM with no stutters. Unbelievable value for money at this price point.",3,3,28,0.7717,0.355,3,,0.4939,,0.0772,,0.4939,,1.0,2,5.0,0.0,0.0,0.645,0.645,0.5859,1,,,0.4939,1,0.0,0.0,,0,,,0.0772,1,0.0,0.0,,0,,,,0,,,-0.6597,1,,,True
rev_PROD-BETA-200_004,PROD-BETA-200,2025-01-20 20:00:00,5.0,"Cheap plastic feel does not justify this premium cost. The battery life is stellar, easily lasting two full days on a single charge.",4,2,23,0.8904,0.6830333333333334,3,0.7351,,,,0.657,0.657,,1.0,3,5.0,0.0,0.15615,0.3169666666666666,0.3169666666666666,0.5859,1,0.1492,0.1492,0.4939,2,,,,0,,,0.0772,2,,,,0,,,0.4939,1,0.16310000000000002,0.16310000000000002,-0.6597,1,,,True
rev_PROD-BETA-200_005,PROD-BETA-200,2025-01-22 19:00:00,5.0,"The battery life is stellar, easily lasting two full days on a single charge. The camera captures crisp details and punchy natural colors.",5,2,23,0.9313,0.7964333333333332,3,0.7351,0.8271,0.8271,,,,,1.0,4,5.0,0.0,0.20389999999999997,0.20356666666666678,0.20356666666666678,0.6605,2,0.0746,0.0746,0.4939,2,0.33319999999999994,0.33319999999999994,,0,,,0.0772,2,,,0.657,1,,,0.57545,2,,,-0.6597,1,,,True
rev_PROD-BETA-200_006,PROD-BETA-200,2025-01-23 09:00:00,5.0,"Charging is blazing fast with 65W, 0 to 80% in 25 minutes. Portrait lens creates a gorgeous creamy bokeh effect. Terrible stuttering in the UI, feels slow and unoptimized.",6,3,29,0.6249,0.20566666666666666,3,0.5859,0.6908,,,,,-0.6597,1.0,5,5.0,0.0,0.061766666666666636,0.7943333333333333,0.7943333333333333,0.6853666666666666,3,-0.09946666666666659,0.09946666666666659,0.6049666666666667,3,0.08583333333333332,0.08583333333333332,0.8271,1,,,0.0772,2,,,0.657,1,,,0.57545,2,,,-0.6597,1,0.0,0.0,True
rev_PROD-BETA-200_007,PROD-BETA-200,2025-01-23 22:00:00,5.0,"Outdoor brightness is incredible, easily readable in direct sunlight. Charging is blazing fast with 65W, 0 to 80% in 25 minutes.",7,2,21,0.8316,0.5991500000000001,2,0.5859,,0.6124,,,,,1.0,6,5.0,0.0,0.14464999999999995,0.40084999999999993,0.40084999999999993,0.6605,4,-0.0746,0.0746,0.626425,4,,,0.8271,1,-0.2146999999999999,0.2146999999999999,0.0772,2,,,0.657,1,,,0.57545,2,,,-0.6597,2,,,True
rev_PROD-BETA-200_008,PROD-BETA-200,2025-01-25 05:00:00,5.0,"Charging is blazing fast with 65W, 0 to 80% in 25 minutes. Video recording stutters and the autofocus hunts constantly.",8,2,20,0.4215,0.16795,2,0.5859,-0.25,,,,,,1.0,7,5.0,0.0,0.46805250000000004,0.83205,0.83205,0.64558,5,-0.059680000000000066,0.059680000000000066,0.626425,4,-0.876425,0.876425,0.71975,2,,,0.0772,2,,,0.657,1,,,0.57545,2,,,-0.6597,2,,,True
rev_PROD-BETA-200_009,PROD-BETA-200,2025-01-25 18:00:00,5.0,"The 120Hz AMOLED display is silky smooth and vibrant. Snappy multitasking, apps stay open in RAM with no stutters.",9,2,19,0.5719,0.41432499999999994,2,,,0.5267,0.30195,,,,1.0,8,5.0,0.0,0.20890000000000003,0.5856750000000001,0.5856750000000001,0.6356333333333334,6,,,0.45114,5,,,0.71975,2,-0.19305000000000005,0.19305000000000005,0.0772,2,0.22475,0.22475,0.657,1,,,0.57545,2,,,-0.6597,2,,,True
rev_PROD-BETA-200_010,PROD-BETA-200,2025-01-26 00:00:00,4.0,"Terrible stuttering in the UI, feels slow and unoptimized. The charger gets alarmingly warm and the phone dies by afternoon. Night mode is magical, crisp photos even in dim lighting.",10,3,30,-0.5994,-0.24239999999999998,4,-0.4019,0.4939,,-0.4019,,,-0.6597,0.5,9,5.0,0.0,0.40857750000000004,0.7424,0.7424,0.6356333333333334,6,-1.0375333333333334,1.0375333333333334,0.45114,5,0.04276000000000002,0.04276000000000002,0.6554,3,,,0.15211666666666668,3,-0.5540166666666666,0.5540166666666666,0.657,1,,,0.57545,2,,,-0.6597,2,0.0,0.0,True
rev_PROD-BETA-200_011,PROD-BETA-200,2025-01-26 17:00:00,5.0,"Worth every single penny spent on this purchase. Snappy multitasking, apps stay open in RAM with no stutters. Camera photos look washed out and blurry in low light.",11,3,28,-0.4404,-0.10713333333333332,3,,-0.6249,,0.0772,,0.2263,,1.0,10,4.9,0.10000000000000063,0.4986347222222222,1.1071333333333333,1.1071333333333333,0.48741428571428574,7,,,0.45826666666666666,6,-1.0831666666666666,1.0831666666666666,0.6554,3,,,0.013612500000000013,4,0.06358749999999999,0.06358749999999999,0.657,1,,,0.57545,2,-0.34915,0.34915,-0.6597,3,,,True
rev_PROD-BETA-200_012,PROD-BETA-200,2025-01-27 16:00:00,5.0,"Night mode is magical, crisp photos even in dim lighting. Snappy multitasking, apps stay open in RAM with no stutters. Display has an annoying green tint at low brightness levels.",12,3,30,0.3182,0.0917,3,,0.4939,-0.296,0.0772,,,,1.0,11,4.909090909090909,0.09090909090909349,0.3975471428571429,0.9083,0.9083,0.48741428571428574,7,,,0.3035285714285714,7,0.19037142857142858,0.19037142857142858,0.6554,3,-0.9514,0.9514,0.02633000000000001,5,0.05087,0.05087,0.657,1,,,0.4590666666666667,3,,,-0.6597,3,,,True
rev_PROD-BETA-200_013,PROD-BETA-200,2025-01-29 05:00:00,5.0,Bezels are razor-thin with beautiful HDR contrast. Affordable budget device with flagship-grade features.,13,2,13,0.5994,0.2997,2,,,0.5994,,,0.0,,1.0,12,4.916666666666667,0.08333333333333505,0.3204583333333334,0.7002999999999999,0.7002999999999999,0.48741428571428574,7,,,0.327325,8,,,0.41755,4,0.18185000000000007,0.18185000000000007,0.03480833333333334,6,,,0.657,1,,,0.4590666666666667,3,-0.4590666666666667,0.4590666666666667,-0.6597,3,,,True
rev_PROD-BETA-200_014,PROD-BETA-200,2025-01-30 22:00:00,5.0,Worth every single penny spent on this purchase. Portrait lens creates a gorgeous creamy bokeh effect.,14,2,16,0.765,0.45855,2,,0.6908,,,,0.2263,,1.0,13,4.923076923076923,0.07692307692307547,0.2407375,0.54145,0.54145,0.48741428571428574,7,,,0.327325,8,0.363475,0.363475,0.45392,5,,,0.03480833333333334,6,,,0.657,1,,,0.3443,4,-0.118,0.118,-0.6597,3,,,True
rev_PROD-BETA-200_015,PROD-BETA-200,2025-01-31 19:00:00,5.0,"Performance is blazing fast with zero lag during heavy gaming. Unbelievable value for money at this price point. Excellent battery backup, 8 hours of screen-on-time easily.",15,3,26,0.8625,0.5062249999999999,4,0.7269,,0.7269,0.0772,,0.4939,,1.0,14,4.928571428571429,0.07142857142857267,0.18201434523809526,0.4937750000000001,0.4937750000000001,0.48741428571428574,7,0.23948571428571425,0.23948571428571425,0.3677111111111111,9,,,0.45392,5,0.27298,0.27298,0.03480833333333334,6,0.04239166666666667,0.04239166666666667,0.657,1,,,0.3207,5,0.17320000000000002,0.17320000000000002,-0.6597,3,,,True
rev_PROD-BETA-200_016,PROD-BETA-200,2025-02-02 00:00:00,5.0,"Poor value proposition compared to competing devices. Bezels are razor-thin with beautiful HDR contrast. Night mode is magical, crisp photos even in dim lighting.",16,3,24,0.7506,0.3051333333333334,3,,0.4939,0.5994,,,-0.1779,,1.0,15,4.933333333333334,0.06666666666666694,0.25121296296296297,0.6948666666666665,0.6948666666666665,0.51735,8,,,0.3677111111111111,9,0.1261888888888889,0.1261888888888889,0.4994166666666667,6,0.09998333333333337,0.09998333333333337,0.04086428571428572,7,,,0.657,1,,,0.34956666666666664,6,-0.5274666666666666,0.5274666666666666,-0.6597,3,,,True
rev_PROD-BETA-200_017,PROD-BETA-200,2025-02-02 22:00:00,5.0,"Excellent battery backup, 8 hours of screen-on-time easily. Portrait lens creates a gorgeous creamy bokeh effect.",17,2,16,0.8957,0.7148666666666667,3,0.7269,0.6908,0.7269,,,,,1.0,16,4.9375,0.0625,0.24440666666666666,0.28513333333333335,0.28513333333333335,0.51735,8,0.20955000000000001,0.20955000000000001,0.38032999999999995,10,0.31047,0.31047,0.5137,7,0.21319999999999995,0.21319999999999995,0.04086428571428572,7,,,0.657,1,,,0.2742142857142857,7,,,-0.6597,3,,,True
rev_PROD-BETA-200_018,PROD-BETA-200,2025-02-03 15:00:00,5.0,"Portrait lens creates a gorgeous creamy bokeh effect. Terrible stuttering in the UI, feels slow and unoptimized.",18,2,17,0.0772,0.015550000000000008,2,,0.6908,,,,,-0.6597,1.0,17,4.9411764705882355,0.0588235294117645,0.1411227272727273,0.98445,0.98445,0.5406333333333333,9,,,0.4085545454545454,11,0.2822454545454546,0.2822454545454546,0.54035,8,,,0.04086428571428572,7,,,0.657,1,,,0.2742142857142857,7,,,-0.6597,3,0.0,0.0,True
rev_PROD-BETA-200_019,PROD-BETA-200,2025-02-05 11:00:00,5.0,"The battery life is stellar, easily lasting two full days on a single charge. Portrait lens creates a gorgeous creamy bokeh effect. Snappy multitasking, apps stay open in RAM with no stutters.",19,3,32,0.9042,0.5010333333333333,3,0.7351,0.6908,,0.0772,,,,1.0,18,4.944444444444445,0.0555555555555563,0.16317579365079365,0.49896666666666667,0.49896666666666667,0.5406333333333333,9,0.19446666666666668,0.19446666666666668,0.432075,12,0.258725,0.258725,0.54035,8,,,0.04086428571428572,7,0.036335714285714284,0.036335714285714284,0.657,1,,,0.2742142857142857,7,,,-0.6597,4,,,True
rev_PROD-BETA-200_020,PROD-BETA-200,2025-02-05 19:00:00,5.0,"Unbelievable value for money at this price point. Outdoor brightness is incredible, easily readable in direct sunlight.",20,2,17,0.802,0.55315,2,,,0.6124,,,0.4939,,1.0,19,4.947368421052632,0.05263157894736992,0.1458678571428572,0.44684999999999997,0.44684999999999997,0.5600799999999999,10,,,0.4519769230769231,13,,,0.54035,8,0.07205000000000006,0.07205000000000006,0.04540625,8,,,0.657,1,,,0.2742142857142857,7,0.21968571428571432,0.21968571428571432,-0.6597,4,,,True
rev_PROD-BETA-200_021,PROD-BETA-200,2025-02-06 07:00:00,2.0,Cheap plastic feel does not justify this premium cost. Display has an annoying green tint at low brightness levels.,21,2,19,0.4897,0.3393333333333333,3,,,-0.296,,0.657,0.657,,-0.5,20,4.95,0.0499999999999994,0.39989351851851856,0.8393333333333333,-0.8393333333333333,0.5600799999999999,10,,,0.4519769230769231,13,,,0.5483555555555556,9,-0.8443555555555555,0.8443555555555555,0.04540625,8,,,0.657,1,0.0,0.0,0.301675,8,0.355325,0.355325,-0.6597,4,,,True
rev_PROD-BETA-200_022,PROD-BETA-200,2025-02-07 19:00:00,1.0,Severe battery draining issue after the latest firmware patch. Performance is blazing fast with zero lag during heavy gaming.,22,2,19,-0.7003,-0.32484999999999997,2,-0.7269,,,0.0772,,,,-1.0,21,4.809523809523809,0.46190476190476204,0.6593868749999999,0.67515,-0.67515,0.5600799999999999,10,-1.2869799999999998,1.2869799999999998,0.4519769230769231,13,,,0.46392,10,,,0.04540625,8,0.03179375,0.03179375,0.657,2,,,0.3411555555555556,9,,,-0.6597,4,,,True
rev_PROD-BETA-200_023,PROD-BETA-200,2025-02-08 10:00:00,2.0,"Charging is blazing fast with 65W, 0 to 80% in 25 minutes. Portrait lens creates a gorgeous creamy bokeh effect. Poor value proposition compared to competing devices.",23,3,27,0.8316,0.3662666666666667,3,0.5859,0.6908,,,,-0.1779,,-0.5,22,4.636363636363637,1.0995670995670983,0.30023227143227144,0.8662666666666667,-0.8662666666666667,0.4430818181818182,11,0.1428181818181818,0.1428181818181818,0.4519769230769231,13,0.23882307692307686,0.23882307692307686,0.46392,10,,,0.04893888888888889,9,,,0.657,2,,,0.3411555555555556,9,-0.5190555555555556,0.5190555555555556,-0.6597,4,,,True
rev_PROD-BETA-200_024,PROD-BETA-200,2025-02-09 20:00:00,3.0,"The 120Hz AMOLED display is silky smooth and vibrant. Fluid UI animations, the chipset stays completely cool. Camera photos look washed out and blurry in low light.",24,3,27,0.624,0.303675,4,,-0.6249,0.5267,0.6132,,,0.6997,0.0,23,4.521739130434782,1.3517786561264828,0.7700942063492063,0.303675,-0.303675,0.4549833333333333,12,,,0.46903571428571433,14,-1.0939357142857142,1.0939357142857142,0.46392,10,0.06277999999999995,0.06277999999999995,0.04893888888888889,9,0.5642611111111111,0.5642611111111111,0.657,2,,,0.28925,10,,,-0.6597,4,1.3594,1.3594,True
rev_PROD-BETA-200_025,PROD-BETA-200,2025-02-10 15:00:00,2.0,"Battery drain is horrific, it loses 20% in an hour on standby. The shutter lag makes it impossible to capture moving kids or pets. Poor value proposition compared to competing devices.",25,3,31,-0.926,-0.5240333333333334,3,-0.8519,,,-0.5423,,-0.1779,,-0.5,24,4.458333333333333,1.3894927536231876,0.8072327777777778,0.02403333333333335,0.02403333333333335,0.4549833333333333,12,-1.3068833333333334,1.3068833333333334,0.39610666666666666,15,,,0.4696272727272727,11,,,0.105365,10,-0.647665,0.647665,0.657,2,,,0.28925,10,-0.46715,0.46715,-0.38781999999999994,5,,,True
rev_PROD-BETA-200_026,PROD-BETA-200,2025-02-11 15:00:00,4.0,Portrait lens creates a gorgeous creamy bokeh effect. The 120Hz AMOLED display is silky smooth and vibrant.,26,2,17,0.8442,0.5813999999999999,3,,0.6908,0.5267,0.5267,,,,0.5,25,4.36,1.573333333333333,0.2773265656565656,0.08139999999999992,-0.08139999999999992,0.3544538461538461,13,,,0.39610666666666666,15,0.2946933333333333,0.2946933333333333,0.4696272727272727,11,0.05707272727272722,0.05707272727272722,0.04648636363636363,11,0.48021363636363634,0.48021363636363634,0.657,2,,,0.24678181818181819,11,,,-0.38781999999999994,5,,,True
rev_PROD-BETA-200_027,PROD-BETA-200,2025-02-12 13:00:00,1.0,"Terrible stuttering in the UI, feels slow and unoptimized. The charger gets alarmingly warm and the phone dies by afternoon.",27,2,20,-0.7964,-0.4878333333333333,3,-0.4019,,,-0.4019,,,-0.6597,-1.0,26,4.346153846153846,1.5153846153846144,0.5055460042735042,0.5121666666666667,-0.5121666666666667,0.3544538461538461,13,-0.7563538461538462,0.7563538461538462,0.41452500000000003,16,,,0.4743833333333333,12,,,0.08650416666666666,12,-0.48840416666666664,0.48840416666666664,0.657,2,,,0.24678181818181819,11,,,-0.38781999999999994,5,-0.27188,0.27188,True
rev_PROD-BETA-200_028,PROD-BETA-200,2025-02-12 23:00:00,4.0,"Portrait lens creates a gorgeous creamy bokeh effect. Outdoor brightness is incredible, easily readable in direct sunlight.",28,2,17,0.8658,0.6516,2,,0.6908,0.6124,,,,,0.5,27,4.222222222222222,1.8717948717948725,0.20714583333333333,0.15159999999999996,-0.15159999999999996,0.3004285714285714,14,,,0.41452500000000003,16,0.27627499999999994,0.27627499999999994,0.4743833333333333,12,0.13801666666666673,0.13801666666666673,0.04893461538461538,13,,,0.657,2,,,0.24678181818181819,11,,,-0.4331333333333333,6,,,True
rev_PROD-BETA-200_029,PROD-BETA-200,2025-02-14 10:00:00,2.0,The phone overheats during basic navigation and gaming drops fps. Display has an annoying green tint at low brightness levels. Worth every single penny spent on this purchase.,29,3,28,-0.0772,-0.023233333333333328,3,,,-0.296,0.0,,0.2263,,-0.5,28,4.214285714285714,1.8042328042328046,0.2834721445221445,0.47676666666666667,-0.47676666666666667,0.3004285714285714,14,,,0.4307764705882353,17,,,0.485,13,-0.7809999999999999,0.7809999999999999,0.04893461538461538,13,-0.04893461538461538,0.04893461538461538,0.657,2,,,0.24678181818181819,11,-0.020481818181818184,0.020481818181818184,-0.4331333333333333,6,,,True
rev_PROD-BETA-200_030,PROD-BETA-200,2025-02-16 06:00:00,5.0,"Excellent battery backup, 8 hours of screen-on-time easily. Unbelievable value for money at this price point. Fluid UI animations, the chipset stays completely cool.",30,3,24,0.9336,0.66942,5,0.7269,,0.7269,0.6997,,0.4939,0.6997,1.0,29,4.137931034482759,1.9088669950738912,0.5520152380952382,0.33058,0.33058,0.3004285714285714,14,0.4264714285714286,0.4264714285714286,0.4307764705882353,17,,,0.42921428571428566,14,0.29768571428571433,0.29768571428571433,0.04543928571428572,14,0.6542607142857143,0.6542607142857143,0.657,2,,,0.24507500000000002,12,0.248825,0.248825,-0.4331333333333333,6,1.1328333333333334,1.1328333333333334,True
rev_PROD-BETA-200_031,PROD-BETA-200,2025-02-18 00:00:00,3.0,The shutter lag makes it impossible to capture moving kids or pets. Performance is blazing fast with zero lag during heavy gaming.,31,2,22,-0.4939,-0.23255,1,,,,-0.23255,,,,0.0,30,4.166666666666667,1.8678160919540217,0.32160666666666665,0.23255,0.23255,0.32885999999999993,15,,,0.4307764705882353,17,,,0.44905999999999996,15,,,0.08905666666666666,15,-0.32160666666666665,0.32160666666666665,0.657,2,,,0.26421538461538463,13,,,-0.2713,7,,,True
rev_PROD-BETA-200_032,PROD-BETA-200,2025-02-19 09:00:00,2.0,The charger gets alarmingly warm and the phone dies by afternoon. Performance is blazing fast with zero lag during heavy gaming. Video recording stutters and the autofocus hunts constantly.,32,3,29,-0.5267,-0.27141666666666664,3,-0.4019,-0.25,,-0.16235,,,,-0.5,31,4.129032258064516,1.8494623655913984,0.5476142401960784,0.22858333333333336,-0.22858333333333336,0.32885999999999993,15,-0.7307599999999999,0.7307599999999999,0.4307764705882353,17,-0.6807764705882353,0.6807764705882353,0.44905999999999996,15,,,0.06895625,16,-0.23130625,0.23130625,0.657,2,,,0.26421538461538463,13,,,-0.2713,7,,,True
rev_PROD-BETA-200_033,PROD-BETA-200,2025-02-20 09:00:00,3.0,Cheap plastic feel does not justify this premium cost. The charger gets alarmingly warm and the phone dies by afternoon. The camera captures crisp details and punchy natural colors.,33,3,29,0.8853,0.36073333333333335,6,-0.4019,0.8271,0.8271,-0.4019,0.657,0.657,,0.0,32,4.0625,1.9314516129032258,0.39121775997150987,0.36073333333333335,-0.36073333333333335,0.2831874999999999,16,-0.6850874999999998,0.6850874999999998,0.3929555555555556,18,0.43414444444444433,0.43414444444444433,0.44905999999999996,15,0.37804,0.37804,0.055349999999999996,17,-0.45725,0.45725,0.657,2,0.0,0.0,0.26421538461538463,13,0.3927846153846154,0.3927846153846154,-0.2713,7,,,True
rev_PROD-BETA-200_034,PROD-BETA-200,2025-02-22 01:00:00,1.0,"Terrible stuttering in the UI, feels slow and unoptimized. Excellent battery backup, 8 hours of screen-on-time easily. Massively overpriced for what it offers.",34,3,23,0.1779,0.198525,4,0.7269,,0.7269,,,0.0,-0.6597,-1.0,33,4.03030303030303,1.9053030303030312,0.3547239233193278,1.198525,-1.198525,0.24288823529411754,17,0.4840117647058825,0.4840117647058825,0.4158052631578948,19,,,0.4726874999999999,16,0.25421250000000006,0.25421250000000006,0.029947222222222222,18,,,0.657,3,,,0.29227142857142857,14,-0.29227142857142857,0.29227142857142857,-0.2713,7,-0.38839999999999997,0.38839999999999997,True
rev_PROD-BETA-200_035,PROD-BETA-200,2025-02-23 00:00:00,3.0,"Outdoor brightness is incredible, easily readable in direct sunlight. Terrible stuttering in the UI, feels slow and unoptimized.",35,2,18,-0.1027,-0.02364999999999995,2,,,0.6124,,,,-0.6597,0.0,34,3.9411764705882355,2.117647058823529,0.23230441176470593,0.02364999999999995,0.02364999999999995,0.26977777777777767,18,,,0.4158052631578948,19,,,0.4876411764705882,17,0.12475882352941187,0.12475882352941187,0.029947222222222222,18,,,0.657,3,,,0.2727866666666667,15,,,-0.31984999999999997,8,-0.33985,0.33985,True
rev_PROD-BETA-200_036,PROD-BETA-200,2025-02-23 21:00:00,2.0,"The 120Hz AMOLED display is silky smooth and vibrant. Battery drain is horrific, it loses 20% in an hour on standby.",36,2,21,-0.7096,0.06716666666666664,3,-0.8519,,0.5267,0.5267,,,,-0.5,35,3.914285714285714,2.0806722689075627,0.550186111111111,0.5671666666666666,-0.5671666666666666,0.26977777777777767,18,-1.1216777777777778,1.1216777777777778,0.4158052631578948,19,,,0.49457222222222225,18,0.0321277777777777,0.0321277777777777,0.029947222222222222,18,0.4967527777777777,0.4967527777777777,0.657,3,,,0.2727866666666667,15,,,-0.3576111111111111,9,,,True
rev_PROD-BETA-200_037,PROD-BETA-200,2025-02-24 10:00:00,2.0,The phone overheats during basic navigation and gaming drops fps. Screen scratches way too easily and refresh rate drops to 60Hz randomly.,37,2,22,0.34,0.22666666666666668,3,,,0.34,0.0,0.34,,,-0.5,36,3.861111111111111,2.1230158730158726,0.17645175438596492,0.7266666666666667,-0.7266666666666667,0.21074210526315781,19,,,0.4158052631578948,19,,,0.49626315789473685,19,-0.15626315789473683,0.15626315789473683,0.056092105263157895,19,-0.056092105263157895,0.056092105263157895,0.657,3,-0.317,0.317,0.2727866666666667,15,,,-0.3576111111111111,9,,,True
rev_PROD-BETA-200_038,PROD-BETA-200,2025-02-25 07:00:00,2.0,"Poor value proposition compared to competing devices. Camera photos look washed out and blurry in low light. Snappy multitasking, apps stay open in RAM with no stutters.",38,3,27,-0.6705,-0.24186666666666667,3,,-0.6249,,0.0772,,-0.1779,,-0.5,37,3.810810810810811,2.1576576576576563,0.5051014766081872,0.2581333333333333,-0.2581333333333333,0.21074210526315781,19,,,0.4158052631578948,19,-1.0407052631578948,1.0407052631578948,0.48845,20,,,0.0532875,20,0.023912500000000003,0.023912500000000003,0.57775,4,,,0.2727866666666667,15,-0.4506866666666667,0.4506866666666667,-0.3576111111111111,9,,,True
rev_PROD-BETA-200_039,PROD-BETA-200,2025-02-26 10:00:00,2.0,Severe battery draining issue after the latest firmware patch. Bezels are razor-thin with beautiful HDR contrast. Noticeable lag when switching apps and intense thermal throttling.,39,3,25,-0.8225,-0.2927,3,-0.7269,,0.5994,-0.7506,,,,-0.5,38,3.763157894736842,2.1856330014224747,0.6178727652464495,0.20729999999999998,-0.20729999999999998,0.21074210526315781,19,-0.9376421052631578,0.9376421052631578,0.36377000000000004,20,,,0.48845,20,0.11095000000000005,0.11095000000000005,0.054426190476190475,21,-0.8050261904761905,0.8050261904761905,0.57775,4,,,0.24461875,16,,,-0.3576111111111111,9,,,True
rev_PROD-BETA-200_040,PROD-BETA-200,2025-02-28 02:00:00,1.0,"Outdoor brightness is incredible, easily readable in direct sunlight. Cheap plastic feel does not justify this premium cost. Fluid UI animations, the chipset stays completely cool.",40,3,26,0.9345,0.66516,5,,,0.6124,0.6997,0.657,0.657,0.6997,-1.0,39,3.717948717948718,2.20782726045884,0.46989498737373747,1.66516,-1.66516,0.16385999999999992,20,,,0.36377000000000004,20,,,0.4937333333333333,21,0.11866666666666675,0.11866666666666675,0.017834090909090904,22,0.681865909090909,0.681865909090909,0.57775,4,0.07925000000000004,0.07925000000000004,0.24461875,16,0.41238125000000003,0.41238125000000003,-0.3576111111111111,9,1.057311111111111,1.057311111111111,True
rev_PROD-BETA-200_041,PROD-BETA-200,2025-03-01 20:00:00,3.0,"The shutter lag makes it impossible to capture moving kids or pets. Snappy multitasking, apps stay open in RAM with no stutters. Severe battery draining issue after the latest firmware patch.",41,3,31,-0.8519,-0.479725,2,-0.7269,,,-0.23255,,,,0.0,40,3.65,2.3358974358974365,0.5853952173913043,0.479725,0.479725,0.16385999999999992,20,-0.8907599999999999,0.8907599999999999,0.36377000000000004,20,,,0.49912727272727264,22,,,0.047480434782608695,23,-0.2800304347826087,0.2800304347826087,0.5936,5,,,0.2688764705882353,17,,,-0.25188,10,,,True
rev_PROD-BETA-200_042,PROD-BETA-200,2025-03-02 11:00:00,1.0,"Charging is blazing fast with 65W, 0 to 80% in 25 minutes. Night mode is magical, crisp photos even in dim lighting. Screen scratches way too easily and refresh rate drops to 60Hz randomly.",42,3,34,0.8555,0.43995000000000006,4,0.5859,0.4939,0.34,,0.34,,,-1.0,41,3.6341463414634148,2.2878048780487803,0.2518286038961039,1.43995,-1.43995,0.12144285714285706,21,0.4644571428571429,0.4644571428571429,0.36377000000000004,20,0.13012999999999997,0.13012999999999997,0.49912727272727264,22,-0.15912727272727262,0.15912727272727262,0.0358125,24,,,0.5936,5,-0.2536,0.2536,0.2688764705882353,17,,,-0.25188,10,,,True
rev_PROD-BETA-200_043,PROD-BETA-200,2025-03-03 02:00:00,2.0,"Night mode is magical, crisp photos even in dim lighting. Severe battery draining issue after the latest firmware patch. Massively overpriced for what it offers.",43,3,25,-0.4404,-0.07766666666666666,3,-0.7269,0.4939,,,,0.0,,-0.5,42,3.5714285714285716,2.397212543554008,0.4207547831253713,0.42233333333333334,-0.42233333333333334,0.14255454545454538,22,-0.8694545454545454,0.8694545454545454,0.36996666666666667,21,0.12393333333333334,0.12393333333333334,0.49220869565217384,23,,,0.0358125,24,,,0.5513333333333333,6,,,0.2688764705882353,17,-0.2688764705882353,0.2688764705882353,-0.25188,10,,,True
rev_PROD-BETA-200_044,PROD-BETA-200,2025-03-04 18:00:00,3.0,"Display has an annoying green tint at low brightness levels. Terrible stuttering in the UI, feels slow and unoptimized. Unbelievable value for money at this price point.",44,3,27,-0.5267,-0.1539333333333333,3,,,-0.296,,,0.4939,-0.6597,0.0,43,3.5348837209302326,2.397563676633443,0.47866326892109495,0.1539333333333333,0.1539333333333333,0.1047521739130434,23,,,0.37560000000000004,22,,,0.49220869565217384,23,-0.7882086956521739,0.7882086956521739,0.0358125,24,,,0.5513333333333333,6,,,0.2539388888888889,18,0.23996111111111113,0.23996111111111113,-0.25188,10,-0.40781999999999996,0.40781999999999996,True
rev_PROD-BETA-200_045,PROD-BETA-200,2025-03-05 05:00:00,2.0,The charger gets alarmingly warm and the phone dies by afternoon. Unbelievable value for money at this price point. Camera photos look washed out and blurry in low light.,45,3,29,-0.5574,-0.23369999999999996,4,-0.4019,-0.6249,,-0.4019,,0.4939,,-0.5,44,3.522727272727273,2.3483086680761103,0.543049063215103,0.26630000000000004,-0.26630000000000004,0.1047521739130434,23,-0.5066521739130434,0.5066521739130434,0.37560000000000004,22,-1.0005000000000002,1.0005000000000002,0.45936666666666665,24,,,0.0358125,24,-0.43771249999999995,0.43771249999999995,0.5513333333333333,6,,,0.26656842105263157,19,0.22733157894736844,0.22733157894736844,-0.2889545454545454,11,,,True
rev_PROD-BETA-200_046,PROD-BETA-200,2025-03-06 09:00:00,3.0,"Terrible stuttering in the UI, feels slow and unoptimized. The camera captures crisp details and punchy natural colors. Battery drain is horrific, it loses 20% in an hour on standby.",46,3,30,-0.7184,0.03564999999999999,4,-0.8519,0.8271,0.8271,,,,-0.6597,0.0,45,3.488888888888889,2.346464646464646,0.5422551136363636,0.03564999999999999,-0.03564999999999999,0.0836416666666666,24,-0.9355416666666666,0.9355416666666666,0.33210000000000006,23,0.4949999999999999,0.4949999999999999,0.45936666666666665,24,0.3677333333333333,0.3677333333333333,0.018303999999999997,25,,,0.5513333333333333,6,,,0.277935,20,,,-0.2889545454545454,11,-0.37074545454545454,0.37074545454545454,True
rev_PROD-BETA-200_047,PROD-BETA-200,2025-03-07 15:00:00,3.0,"Terrible stuttering in the UI, feels slow and unoptimized. The shutter lag makes it impossible to capture moving kids or pets.",47,2,21,-0.836,-0.601,2,,,,-0.5423,,,-0.6597,0.0,46,3.4782608695652173,2.299516908212561,0.450227,0.601,0.601,0.04621999999999993,25,,,0.352725,24,,,0.47407599999999994,25,,,0.018303999999999997,25,-0.560604,0.560604,0.5513333333333333,6,,,0.277935,20,,,-0.31984999999999997,12,-0.33985,0.33985,True
rev_PROD-BETA-200_048,PROD-BETA-200,2025-03-07 21:00:00,3.0,"Screen scratches way too easily and refresh rate drops to 60Hz randomly. Night mode is magical, crisp photos even in dim lighting. Charging is blazing fast with 65W, 0 to 80% in 25 minutes.",48,3,34,0.8555,0.43995000000000006,4,0.5859,0.4939,0.34,,0.34,,,0.0,47,3.4680851063829787,2.2543940795559663,0.2565660833333333,0.43995000000000006,-0.43995000000000006,0.04621999999999993,25,0.53968,0.53968,0.352725,24,0.141175,0.141175,0.47407599999999994,25,-0.13407599999999992,0.13407599999999992,-0.0032576923076923095,26,,,0.5513333333333333,6,-0.21133333333333332,0.21133333333333332,0.277935,20,,,-0.34599230769230765,13,,,True
rev_PROD-BETA-200_049,PROD-BETA-200,2025-03-08 19:00:00,3.0,The 120Hz AMOLED display is silky smooth and vibrant. Video recording stutters and the autofocus hunts constantly. The phone overheats during basic navigation and gaming drops fps.,49,3,27,0.34,0.18001666666666663,3,,-0.25,0.5267,0.26335,,,,0.0,48,3.4583333333333335,2.2109929078014177,0.31092015384615385,0.18001666666666663,-0.18001666666666663,0.06697692307692302,26,,,0.358372,25,-0.608372,0.608372,0.4689192307692307,26,0.05778076923076925,0.05778076923076925,-0.0032576923076923095,26,0.26660769230769227,0.26660769230769227,0.5211428571428571,7,,,0.277935,20,,,-0.34599230769230765,13,,,True
rev_PROD-BETA-200_050,PROD-BETA-200,2025-03-09 19:00:00,3.0,"Terrible stuttering in the UI, feels slow and unoptimized. The 120Hz AMOLED display is silky smooth and vibrant.",50,2,18,-0.25,0.1312333333333333,3,,,0.5267,0.5267,,,-0.6597,0.0,49,3.4489795918367347,2.169217687074829,0.29647725546058873,0.1312333333333333,-0.1312333333333333,0.06697692307692302,26,,,0.33497307692307693,26,,,0.47105925925925923,27,0.05564074074074071,0.05564074074074071,0.006616666666666664,27,0.5200833333333332,0.5200833333333332,0.5211428571428571,7,,,0.277935,20,,,-0.34599230769230765,13,-0.3137076923076923,0.3137076923076923,True
rev_PROD-BETA-200_051,PROD-BETA-200,2025-03-11 08:00:00,1.0,"Portrait lens creates a gorgeous creamy bokeh effect. Washed out colors and poor viewing angles. Excellent battery backup, 8 hours of screen-on-time easily.",51,3,23,0.8271,0.5142666666666666,3,0.7269,0.6908,0.1251,,,,,-1.0,50,3.44,2.128979591836736,0.4545654761904762,1.5142666666666666,-1.5142666666666666,0.06697692307692302,26,0.659923076923077,0.659923076923077,0.33497307692307693,26,0.35582692307692304,0.35582692307692304,0.47304642857142853,28,-0.34794642857142855,0.34794642857142855,0.025191071428571427,28,,,0.5211428571428571,7,,,0.277935,20,,,-0.36839999999999995,14,,,True
rev_PROD-BETA-200_052,PROD-BETA-200,2025-03-13 06:00:00,4.0,"The battery life is stellar, easily lasting two full days on a single charge. Bezels are razor-thin with beautiful HDR contrast.",52,2,21,0.8779,0.66725,2,0.7351,,0.5994,,,,,0.5,51,3.392156862745098,2.2031372549019603,0.3910166028097063,0.16725,-0.16725,0.09141851851851845,27,0.6436814814814815,0.6436814814814815,0.3481518518518519,27,,,0.4610482758620689,29,0.13835172413793112,0.13835172413793112,0.025191071428571427,28,,,0.5211428571428571,7,,,0.277935,20,,,-0.36839999999999995,14,,,True
rev_PROD-BETA-200_053,PROD-BETA-200,2025-03-13 17:00:00,1.0,"Washed out colors and poor viewing angles. Snappy multitasking, apps stay open in RAM with no stutters. The charger gets alarmingly warm and the phone dies by afternoon.",53,3,28,-0.6705,-0.34698333333333337,3,-0.4019,,-0.4767,-0.16235,,,,-1.0,52,3.4038461538461537,2.1670437405731513,0.5487360714285714,0.6530166666666666,-0.6530166666666666,0.1144071428571428,28,-0.5163071428571427,0.5163071428571427,0.3481518518518519,27,,,0.4656599999999999,30,-0.9423599999999999,0.9423599999999999,0.025191071428571427,28,-0.18754107142857143,0.18754107142857143,0.5211428571428571,7,,,0.277935,20,,,-0.36839999999999995,14,,,True
rev_PROD-BETA-200_054,PROD-BETA-200,2025-03-14 15:00:00,3.0,"Display has an annoying green tint at low brightness levels. Massively overpriced for what it offers. Excellent battery backup, 8 hours of screen-on-time easily.",54,3,24,0.5994,0.31411666666666666,3,0.7269,,0.21545,,,0.0,,0.0,53,3.358490566037736,2.234397677793903,0.3760142806822395,0.31411666666666666,-0.31411666666666666,0.09660344827586202,29,0.630296551724138,0.630296551724138,0.3481518518518519,27,,,0.4352612903225806,31,-0.2198112903225806,0.2198112903225806,0.01872413793103448,29,,,0.5211428571428571,7,,,0.277935,20,-0.277935,0.277935,-0.36839999999999995,14,,,True
rev_PROD-BETA-200_055,PROD-BETA-200,2025-03-15 22:00:00,3.0,"Battery drain is horrific, it loses 20% in an hour on standby. Terrible stuttering in the UI, feels slow and unoptimized. Affordable budget device with flagship-grade features.",55,3,27,-0.9287,-0.5038666666666667,3,-0.8519,,,,,0.0,-0.6597,0.0,54,3.3518518518518516,2.1946191474493353,0.5085044444444443,0.5038666666666667,0.5038666666666667,0.11761333333333329,30,-0.9695133333333332,0.9695133333333332,0.3481518518518519,27,,,0.42839218749999997,32,,,0.01872413793103448,29,,,0.5211428571428571,7,,,0.2647,21,-0.2647,0.2647,-0.36839999999999995,14,-0.2913,0.2913,True
rev_PROD-BETA-200_056,PROD-BETA-200,2025-03-17 04:00:00,3.0,Severe battery draining issue after the latest firmware patch. Video recording stutters and the autofocus hunts constantly. Noticeable lag when switching apps and intense thermal throttling.,56,3,26,-0.926,-0.5758333333333333,3,-0.7269,-0.25,,-0.7506,,,,0.0,55,3.3454545454545452,2.156228956228955,0.7269048998201019,0.5758333333333333,0.5758333333333333,0.08633870967741931,31,-0.8132387096774193,0.8132387096774193,0.3481518518518519,27,-0.5981518518518518,0.5981518518518518,0.42839218749999997,32,,,0.01872413793103448,29,-0.7693241379310345,0.7693241379310345,0.5211428571428571,7,,,0.2526681818181818,22,,,-0.38781999999999994,15,,,True
rev_PROD-BETA-200_057,PROD-BETA-200,2025-03-18 15:00:00,3.0,Noticeable lag when switching apps and intense thermal throttling. The charger gets alarmingly warm and the phone dies by afternoon. Massively overpriced for what it offers.,57,3,26,-0.8442,-0.32605,3,-0.4019,,,-0.57625,,0.0,,0.0,56,3.3392857142857144,2.1191558441558445,0.42827439393939387,0.32605,0.32605,0.06092499999999995,32,-0.46282499999999993,0.46282499999999993,0.3267892857142857,28,,,0.42839218749999997,32,,,-0.006920000000000004,30,-0.56933,0.56933,0.5211428571428571,7,,,0.2526681818181818,22,-0.2526681818181818,0.2526681818181818,-0.38781999999999994,15,,,True
rev_PROD-BETA-200_058,PROD-BETA-200,2025-03-19 05:00:00,4.0,"Fluid UI animations, the chipset stays completely cool. Outdoor brightness is incredible, easily readable in direct sunlight. Worth every single penny spent on this purchase.",58,3,25,0.8991,0.559525,4,,,0.6124,0.6997,,0.2263,0.6997,0.5,57,3.3333333333333335,2.0833333333333326,0.502973976266655,0.05952500000000005,-0.05952500000000005,0.046899999999999956,33,,,0.3267892857142857,28,,,0.42839218749999997,32,0.1840078125000001,0.1840078125000001,-0.025285483870967747,31,0.7249854838709677,0.7249854838709677,0.5211428571428571,7,,,0.24168260869565217,23,-0.015382608695652167,0.015382608695652167,-0.38781999999999994,15,1.08752,1.08752,True
rev_PROD-BETA-200_059,PROD-BETA-200,2025-03-20 13:00:00,1.0,"Snappy multitasking, apps stay open in RAM with no stutters. Cheap plastic feel does not justify this premium cost.",59,2,19,0.6883,0.46373333333333333,3,,,,0.0772,0.657,0.657,,-1.0,58,3.3448275862068964,2.054446460980037,0.21054838789682542,1.4637333333333333,-1.4637333333333333,0.046899999999999956,33,,,0.3267892857142857,28,,,0.4339681818181818,33,,,-0.0026296875000000053,32,0.07982968750000001,0.07982968750000001,0.5211428571428571,7,0.1358571428571429,0.1358571428571429,0.24104166666666668,24,0.4159583333333333,0.4159583333333333,-0.31984999999999997,16,,,True
rev_PROD-BETA-200_060,PROD-BETA-200,2025-03-21 23:00:00,2.0,"Night mode is magical, crisp photos even in dim lighting. Washed out colors and poor viewing angles. The charger gets alarmingly warm and the phone dies by afternoon.",60,3,28,-0.3818,-0.19665,4,-0.4019,0.4939,-0.4767,-0.4019,,,,-0.5,59,3.305084745762712,2.112215078901227,0.48206707251082254,0.30335,-0.30335,0.046899999999999956,33,-0.4487999999999999,0.4487999999999999,0.3267892857142857,28,0.16711071428571428,0.16711071428571428,0.4339681818181818,33,-0.9106681818181819,0.9106681818181819,-0.00021060606060606559,33,-0.4016893939393939,0.4016893939393939,0.538125,8,,,0.25768,25,,,-0.31984999999999997,16,,,True
rev_PROD-GAMMA-300_001,PROD-GAMMA-300,2025-01-15 18:00:00,5.0,"Fluid UI animations, the chipset stays completely cool. The battery life is stellar, easily lasting two full days on a single charge.",1,2,22,0.8999,0.7115,3,0.7351,,,0.6997,,,0.6997,1.0,0,,,,0.2885,0.2885,,0,,,,0,,,,0,,,,0,,,,0,,,,0,,,,0,,,False
rev_PROD-GAMMA-300_002,PROD-GAMMA-300,2025-01-16 03:00:00,5.0,Portrait lens creates a gorgeous creamy bokeh effect. Unbelievable value for money at this price point. The 120Hz AMOLED display is silky smooth and vibrant.,2,3,25,0.9062,0.5595249999999999,4,,0.6908,0.5267,0.5267,,0.4939,,1.0,1,5.0,0.0,0.17300000000000004,0.44047500000000006,0.44047500000000006,0.7351,1,,,,0,,,,0,,,0.6997,1,-0.17300000000000004,0.17300000000000004,,0,,,,0,,,0.6997,1,,,True
rev_PROD-GAMMA-300_003,PROD-GAMMA-300,2025-01-17 06:00:00,5.0,Unbelievable value for money at this price point. Severe battery draining issue after the latest firmware patch.,3,2,17,-0.4404,-0.11649999999999999,2,-0.7269,,,,,0.4939,,1.0,2,5.0,0.0,0.731,1.1165,1.1165,0.7351,1,-1.462,1.462,0.6908,1,,,0.5267,1,,,0.6132,2,,,,0,,,0.4939,1,0.0,0.0,0.6997,1,,,True
rev_PROD-GAMMA-300_004,PROD-GAMMA-300,2025-01-18 04:00:00,5.0,"Charging is blazing fast with 65W, 0 to 80% in 25 minutes. Unbelievable value for money at this price point.",4,2,20,0.7906,0.5399,2,0.5859,,,,,0.4939,,1.0,3,5.0,0.0,0.2909,0.46009999999999995,0.46009999999999995,0.0040999999999999925,2,0.5818,0.5818,0.6908,1,,,0.5267,1,,,0.6132,2,,,,0,,,0.4939,2,0.0,0.0,0.6997,1,,,True
rev_PROD-GAMMA-300_005,PROD-GAMMA-300,2025-01-19 23:00:00,5.0,"Excellent battery backup, 8 hours of screen-on-time easily. The camera captures crisp details and punchy natural colors. Snappy multitasking, apps stay open in RAM with no stutters.",5,3,27,0.9337,0.6020499999999999,4,0.7269,0.8271,0.7769999999999999,0.0772,,,,1.0,4,5.0,0.0,0.36286666666666667,0.39795000000000014,0.39795000000000014,0.1980333333333333,3,0.5288666666666667,0.5288666666666667,0.6908,1,0.13629999999999998,0.13629999999999998,0.5267,1,0.25029999999999997,0.25029999999999997,0.6132,2,-0.5359999999999999,0.5359999999999999,,0,,,0.4939,3,,,0.6997,1,,,True
rev_PROD-GAMMA-300_006,PROD-GAMMA-300,2025-01-21 09:00:00,5.0,"Worth every single penny spent on this purchase. Excellent battery backup, 8 hours of screen-on-time easily. Night mode is magical, crisp photos even in dim lighting.",6,3,26,0.8807,0.5435000000000001,4,0.7269,0.4939,0.7269,,,0.2263,,1.0,5,5.0,0.0,0.2510875,0.4564999999999999,0.4564999999999999,0.33025,4,0.39665,0.39665,0.75895,2,-0.26505,0.26505,0.6518499999999999,2,0.07505000000000006,0.07505000000000006,0.43453333333333327,3,,,,0,,,0.4939,3,-0.2676,0.2676,0.6997,1,,,True
rev_PROD-GAMMA-300_007,PROD-GAMMA-300,2025-01-23 08:00:00,5.0,"Charging is blazing fast with 65W, 0 to 80% in 25 minutes. Snappy multitasking, apps stay open in RAM with no stutters.",7,2,22,0.6249,0.33155,2,0.5859,,,0.0772,,,,1.0,6,5.0,0.0,0.26682666666666666,0.66845,0.66845,0.40957999999999994,5,0.17632000000000003,0.17632000000000003,0.6706,3,,,0.6768666666666666,3,,,0.43453333333333327,3,-0.3573333333333333,0.3573333333333333,,0,,,0.427,4,,,0.6997,1,,,True
rev_PROD-GAMMA-300_008,PROD-GAMMA-300,2025-01-24 18:00:00,5.0,"The battery life is stellar, easily lasting two full days on a single charge. Bezels are razor-thin with beautiful HDR contrast.",8,2,21,0.8779,0.66725,2,0.7351,,0.5994,,,,,1.0,7,5.0,0.0,0.18679999999999994,0.33275,0.33275,0.43896666666666667,6,0.2961333333333333,0.2961333333333333,0.6706,3,,,0.6768666666666666,3,-0.07746666666666657,0.07746666666666657,0.34519999999999995,4,,,,0,,,0.427,4,,,0.6997,1,,,True
rev_PROD-GAMMA-300_009,PROD-GAMMA-300,2025-01-26 16:00:00,5.0,"Snappy multitasking, apps stay open in RAM with no stutters. Bezels are razor-thin with beautiful HDR contrast. Portrait lens creates a gorgeous creamy bokeh effect.",9,3,25,0.872,0.4558,3,,0.6908,0.5994,0.0772,,,,1.0,8,5.0,0.0,0.11543333333333329,0.5442,0.5442,0.48127142857142857,7,,,0.6706,3,0.020199999999999996,0.020199999999999996,0.6575,4,-0.05809999999999993,0.05809999999999993,0.34519999999999995,4,-0.26799999999999996,0.26799999999999996,,0,,,0.427,4,,,0.6997,1,,,True
rev_PROD-GAMMA-300_010,PROD-GAMMA-300,2025-01-28 15:00:00,5.0,The phone overheats during basic navigation and gaming drops fps. Affordable budget device with flagship-grade features.,10,2,16,0.0,0.0,2,,,,0.0,,0.0,,1.0,9,5.0,0.0,0.35929999999999995,1.0,1.0,0.48127142857142857,7,,,0.67565,4,,,0.64588,5,,,0.29159999999999997,5,-0.29159999999999997,0.29159999999999997,,0,,,0.427,4,-0.427,0.427,0.6997,1,,,True
rev_PROD-GAMMA-300_011,PROD-GAMMA-300,2025-01-29 22:00:00,5.0,"Charging is blazing fast with 65W, 0 to 80% in 25 minutes. The 120Hz AMOLED display is silky smooth and vibrant. Night mode is magical, crisp photos even in dim lighting.",11,3,31,0.886,0.5333,4,0.5859,0.4939,0.5267,0.5267,,,,1.0,10,5.0,0.0,0.17231464285714285,0.4667,0.4667,0.48127142857142857,7,0.1046285714285714,0.1046285714285714,0.67565,4,-0.18174999999999997,0.18174999999999997,0.64588,5,-0.11918000000000006,0.11918000000000006,0.24299999999999997,6,0.28369999999999995,0.28369999999999995,,0,,,0.3416,5,,,0.6997,1,,,True
rev_PROD-GAMMA-300_012,PROD-GAMMA-300,2025-01-30 08:00:00,5.0,"Excellent battery backup, 8 hours of screen-on-time easily. Unbelievable value for money at this price point.",12,2,16,0.8519,0.6492333333333333,3,0.7269,,0.7269,,,0.4939,,1.0,11,5.0,0.0,0.1619111111111111,0.35076666666666667,0.35076666666666667,0.49435,8,0.23254999999999998,0.23254999999999998,0.6393,5,,,0.6260166666666667,6,0.10088333333333332,0.10088333333333332,0.2835285714285714,7,,,,0,,,0.3416,5,0.1523,0.1523,0.6997,1,,,True
rev_PROD-GAMMA-300_013,PROD-GAMMA-300,2025-02-01 01:00:00,5.0,Affordable budget device with flagship-grade features. Bezels are razor-thin with beautiful HDR contrast.,13,2,13,0.5994,0.2997,2,,,0.5994,,,0.0,,1.0,12,5.0,0.0,0.20400595238095234,0.7002999999999999,0.7002999999999999,0.5201888888888889,9,,,0.6393,5,,,0.6404285714285713,7,-0.0410285714285713,0.0410285714285713,0.2835285714285714,7,,,,0,,,0.3669833333333334,6,-0.3669833333333334,0.3669833333333334,0.6997,1,,,True
rev_PROD-GAMMA-300_014,PROD-GAMMA-300,2025-02-02 10:00:00,5.0,Bezels are razor-thin with beautiful HDR contrast. Unbelievable value for money at this price point.,14,2,15,0.7964,0.5466500000000001,2,,,0.5994,,,0.4939,,1.0,13,5.0,0.0,0.10762142857142853,0.4533499999999999,0.4533499999999999,0.5201888888888889,9,,,0.6393,5,,,0.6353,8,-0.03589999999999993,0.03589999999999993,0.2835285714285714,7,,,,0,,,0.31455714285714287,7,0.17934285714285714,0.17934285714285714,0.6997,1,,,True
rev_PROD-GAMMA-300_015,PROD-GAMMA-300,2025-02-04 10:00:00,5.0,"Night mode is magical, crisp photos even in dim lighting. Charging is blazing fast with 65W, 0 to 80% in 25 minutes. Affordable budget device with flagship-grade features.",15,3,28,0.7906,0.3599333333333334,3,0.5859,0.4939,,,,0.0,,1.0,14,5.0,0.0,0.18269537037037034,0.6400666666666666,0.6400666666666666,0.5201888888888889,9,0.06571111111111105,0.06571111111111105,0.6393,5,-0.14539999999999997,0.14539999999999997,0.6313111111111112,9,,,0.2835285714285714,7,,,,0,,,0.336975,8,-0.336975,0.336975,0.6997,1,,,True
rev_PROD-GAMMA-300_016,PROD-GAMMA-300,2025-02-06 03:00:00,5.0,"Affordable budget device with flagship-grade features. Outdoor brightness is incredible, easily readable in direct sunlight.",16,2,15,0.6124,0.3062,2,,,0.6124,,,0.0,,1.0,15,5.0,0.0,0.15922222222222224,0.6938,0.6938,0.52676,10,,,0.6150666666666667,6,,,0.6313111111111112,9,-0.0189111111111111,0.0189111111111111,0.2835285714285714,7,,,,0,,,0.2995333333333334,9,-0.2995333333333334,0.2995333333333334,0.6997,1,,,True
rev_PROD-GAMMA-300_017,PROD-GAMMA-300,2025-02-07 06:00:00,5.0,"Charging is blazing fast with 65W, 0 to 80% in 25 minutes. Portrait lens creates a gorgeous creamy bokeh effect. Unbelievable value for money at this price point.",17,3,28,0.9136,0.5902,3,0.5859,0.6908,,,,0.4939,,1.0,16,5.0,0.0,0.11973111111111108,0.40980000000000005,0.40980000000000005,0.52676,10,0.05913999999999997,0.05913999999999997,0.6150666666666667,6,0.07573333333333332,0.07573333333333332,0.62942,10,,,0.2835285714285714,7,,,,0,,,0.26958000000000004,10,0.22431999999999996,0.22431999999999996,0.6997,1,,,True
rev_PROD-GAMMA-300_018,PROD-GAMMA-300,2025-02-07 17:00:00,5.0,Performance is blazing fast with zero lag during heavy gaming. Worth every single penny spent on this purchase.,18,2,18,0.296,0.15175,2,,,,0.0772,,0.2263,,1.0,17,5.0,0.0,0.13500064935064934,0.84825,0.84825,0.5321363636363636,11,,,0.6258857142857143,7,,,0.62942,10,,,0.2835285714285714,7,-0.20632857142857142,0.20632857142857142,,0,,,0.28997272727272727,11,-0.06367272727272727,0.06367272727272727,0.6997,1,,,True
rev_PROD-GAMMA-300_019,PROD-GAMMA-300,2025-02-08 19:00:00,5.0,"Excellent battery backup, 8 hours of screen-on-time easily. The camera captures crisp details and punchy natural colors.",19,2,17,0.93,0.7769999999999998,3,0.7269,0.8271,0.7769999999999999,,,,,1.0,18,5.0,0.0,0.181185974025974,0.2230000000000002,0.2230000000000002,0.5321363636363636,11,0.19476363636363636,0.19476363636363636,0.6258857142857143,7,0.20121428571428568,0.20121428571428568,0.62942,10,0.14757999999999993,0.14757999999999993,0.25773749999999995,8,,,,0,,,0.2846666666666667,12,,,0.6997,1,,,True
rev_PROD-GAMMA-300_020,PROD-GAMMA-300,2025-02-09 18:00:00,5.0,"Snappy multitasking, apps stay open in RAM with no stutters. Worth every single penny spent on this purchase. Outdoor brightness is incredible, easily readable in direct sunlight.",20,3,27,0.7351,0.30530000000000007,3,,,0.6124,0.0772,,0.2263,,1.0,19,5.0,0.0,0.08978017676767674,0.6946999999999999,0.6946999999999999,0.5483666666666666,12,,,0.6510374999999999,8,,,0.6428363636363637,11,-0.030436363636363595,0.030436363636363595,0.25773749999999995,8,-0.18053749999999996,0.18053749999999996,,0,,,0.2846666666666667,12,-0.05836666666666668,0.05836666666666668,0.6997,1,,,True
rev_PROD-GAMMA-300_021,PROD-GAMMA-300,2025-02-10 07:00:00,2.0,"Unbelievable value for money at this price point. Terrible stuttering in the UI, feels slow and unoptimized. Display has an annoying green tint at low brightness levels.",21,3,27,-0.5267,-0.1539333333333333,3,,,-0.296,,,0.4939,-0.6597,-0.5,20,5.0,0.0,0.836474358974359,0.3460666666666667,-0.3460666666666667,0.5483666666666666,12,,,0.6510374999999999,8,,,0.6403,12,-0.9362999999999999,0.9362999999999999,0.23767777777777774,9,,,,0,,,0.2801769230769231,13,0.2137230769230769,0.2137230769230769,0.6997,1,-1.3594,1.3594,True
rev_PROD-GAMMA-300_022,PROD-GAMMA-300,2025-02-11 02:00:00,1.0,Display has an annoying green tint at low brightness levels. Cheap plastic feel does not justify this premium cost.,22,2,19,0.4897,0.3393333333333333,3,,,-0.296,,0.657,0.657,,-1.0,21,4.857142857142857,0.42857142857142777,0.612917032967033,1.3393333333333333,-1.3393333333333333,0.5483666666666666,12,,,0.6510374999999999,8,,,0.5682769230769231,13,-0.8642769230769232,0.8642769230769232,0.23767777777777774,9,,,,0,,,0.2954428571428572,14,0.36155714285714285,0.36155714285714285,0.020000000000000018,2,,,True
rev_PROD-GAMMA-300_023,PROD-GAMMA-300,2025-02-11 16:00:00,1.0,Worth every single penny spent on this purchase. The camera captures crisp details and punchy natural colors. Washed out colors and poor viewing angles.,23,3,24,0.7579,0.4095333333333333,3,,0.8271,0.17519999999999997,,,0.2263,,-1.0,22,4.681818181818182,1.0844155844155834,0.20021734126984128,1.4095333333333333,-1.4095333333333333,0.5483666666666666,12,,,0.6510374999999999,8,0.1760625,0.1760625,0.5065428571428571,14,-0.3313428571428571,0.3313428571428571,0.23767777777777774,9,,,0.657,1,,,0.3195466666666667,15,-0.0932466666666667,0.0932466666666667,0.020000000000000018,2,,,True
rev_PROD-GAMMA-300_024,PROD-GAMMA-300,2025-02-13 01:00:00,3.0,"Fluid UI animations, the chipset stays completely cool. The charger gets alarmingly warm and the phone dies by afternoon.",24,2,19,0.4754,0.1489,3,-0.4019,,,0.1489,,,0.6997,0.0,23,4.521739130434782,1.6245059288537556,0.5729148148148148,0.1489,-0.1489,0.5483666666666666,12,-0.9502666666666666,0.9502666666666666,0.6705999999999999,9,,,0.48445333333333335,15,,,0.23767777777777774,9,-0.08877777777777773,0.08877777777777773,0.657,1,,,0.31371875000000005,16,,,0.020000000000000018,2,0.6797,0.6797,True
rev_PROD-GAMMA-300_025,PROD-GAMMA-300,2025-02-14 23:00:00,2.0,Screen scratches way too easily and refresh rate drops to 60Hz randomly. Severe battery draining issue after the latest firmware patch. Video recording stutters and the autofocus hunts constantly.,25,3,29,-0.6908,-0.074225,4,-0.7269,-0.25,0.34,,0.34,,,-0.5,24,4.458333333333333,1.650362318840579,0.646055641025641,0.425775,-0.425775,0.47526923076923067,13,-1.2021692307692307,1.2021692307692307,0.6705999999999999,9,-0.9205999999999999,0.9205999999999999,0.48445333333333335,15,-0.14445333333333332,0.14445333333333332,0.22879999999999995,10,,,0.657,1,-0.317,0.317,0.31371875000000005,16,,,0.24656666666666668,3,,,True
rev_PROD-GAMMA-300_026,PROD-GAMMA-300,2025-02-15 10:00:00,2.0,"Excellent battery backup, 8 hours of screen-on-time easily. The shutter lag makes it impossible to capture moving kids or pets. Performance is blazing fast with zero lag during heavy gaming.",26,3,30,0.4404,0.4070833333333333,3,0.7269,,0.7269,-0.23255,,,,-0.5,25,4.36,1.823333333333333,0.3501083333333333,0.9070833333333332,-0.9070833333333332,0.3893999999999999,14,0.3375000000000001,0.3375000000000001,0.5785399999999999,10,,,0.475425,16,0.251475,0.251475,0.22879999999999995,10,-0.4613499999999999,0.4613499999999999,0.49850000000000005,2,,,0.31371875000000005,16,,,0.24656666666666668,3,,,True
rev_PROD-GAMMA-300_027,PROD-GAMMA-300,2025-02-16 02:00:00,2.0,"Massively overpriced for what it offers. Charging is blazing fast with 65W, 0 to 80% in 25 minutes.",27,2,18,0.5859,0.29295,2,0.5859,,,,,0.0,,-0.5,26,4.269230769230769,1.9646153846153858,0.24385937500000004,0.79295,-0.79295,0.41189999999999993,15,0.17400000000000004,0.17400000000000004,0.5785399999999999,10,,,0.49021764705882354,17,,,0.18685909090909086,11,,,0.49850000000000005,2,,,0.31371875000000005,16,-0.31371875000000005,0.31371875000000005,0.24656666666666668,3,,,True
rev_PROD-GAMMA-300_028,PROD-GAMMA-300,2025-02-18 01:00:00,3.0,"Camera photos look washed out and blurry in low light. Battery drain is horrific, it loses 20% in an hour on standby.",28,2,22,-0.9246,-0.7384,2,-0.8519,-0.6249,,,,,,0.0,27,4.185185185185185,2.07977207977208,1.2390575,0.7384,0.7384,0.4227749999999999,16,-1.2746749999999998,1.2746749999999998,0.5785399999999999,10,-1.20344,1.20344,0.49021764705882354,17,,,0.18685909090909086,11,,,0.49850000000000005,2,,,0.295264705882353,17,,,0.24656666666666668,3,,,True
rev_PROD-GAMMA-300_029,PROD-GAMMA-300,2025-02-18 11:00:00,3.0,"Fluid UI animations, the chipset stays completely cool. Poor value proposition compared to competing devices.",29,2,15,0.6222,0.4071666666666667,3,,,,0.6997,,-0.1779,0.6997,0.0,28,4.142857142857143,2.0529100529100535,0.4797129827688651,0.4071666666666667,-0.4071666666666667,0.34779411764705875,17,,,0.4691363636363635,11,,,0.49021764705882354,17,,,0.18685909090909086,11,0.5128409090909092,0.5128409090909092,0.49850000000000005,2,,,0.295264705882353,17,-0.473164705882353,0.473164705882353,0.24656666666666668,3,0.4531333333333333,0.4531333333333333,True
rev_PROD-GAMMA-300_030,PROD-GAMMA-300,2025-02-20 09:00:00,3.0,"Screen scratches way too easily and refresh rate drops to 60Hz randomly. Night mode is magical, crisp photos even in dim lighting. Snappy multitasking, apps stay open in RAM with no stutters.",30,3,32,0.7096,0.312775,4,,0.4939,0.34,0.0772,0.34,,,0.0,29,4.103448275862069,2.024630541871921,0.12146927918894833,0.312775,-0.312775,0.34779411764705875,17,,,0.4691363636363635,11,0.024763636363636488,0.024763636363636488,0.49021764705882354,17,-0.1502176470588235,0.1502176470588235,0.2295958333333333,12,-0.15239583333333329,0.15239583333333329,0.49850000000000005,2,-0.15850000000000003,0.15850000000000003,0.2689777777777778,18,,,0.35985,4,,,True
rev_PROD-GAMMA-300_031,PROD-GAMMA-300,2025-02-20 19:00:00,2.0,"The phone overheats during basic navigation and gaming drops fps. Massively overpriced for what it offers. Excellent battery backup, 8 hours of screen-on-time easily.",31,3,24,0.7269,0.36345,4,0.7269,,0.7269,0.0,,0.0,,-0.5,30,4.066666666666666,1.995402298850575,0.27774612870789345,0.86345,-0.86345,0.34779411764705875,17,0.37910588235294124,0.37910588235294124,0.4711999999999999,12,,,0.48187222222222226,18,0.24502777777777773,0.24502777777777773,0.2178730769230769,13,-0.2178730769230769,0.2178730769230769,0.4456666666666667,3,,,0.2689777777777778,18,-0.2689777777777778,0.2689777777777778,0.35985,4,,,True
rev_PROD-GAMMA-300_032,PROD-GAMMA-300,2025-02-22 06:00:00,2.0,The phone overheats during basic navigation and gaming drops fps. Camera photos look washed out and blurry in low light.,32,2,20,-0.6249,-0.31245,2,,-0.6249,,0.0,,,,-0.5,31,4.0,2.066666666666667,0.6492053571428571,0.18755,-0.18755,0.3688555555555555,18,,,0.4711999999999999,12,-1.0960999999999999,1.0960999999999999,0.49476842105263164,19,,,0.20231071428571426,14,-0.20231071428571426,0.20231071428571426,0.4456666666666667,3,,,0.254821052631579,19,,,0.35985,4,,,True
rev_PROD-GAMMA-300_033,PROD-GAMMA-300,2025-02-22 18:00:00,2.0,The charger gets alarmingly warm and the phone dies by afternoon. Portrait lens creates a gorgeous creamy bokeh effect. Massively overpriced for what it offers.,33,3,25,0.4588,-0.028249999999999997,4,-0.4019,0.6908,,-0.4019,,0.0,,-0.5,32,3.9375,2.125,0.4800538315339631,0.47175,-0.47175,0.3688555555555555,18,-0.7707555555555554,0.7707555555555554,0.38688461538461527,13,0.3039153846153847,0.3039153846153847,0.49476842105263164,19,,,0.1888233333333333,15,-0.5907233333333333,0.5907233333333333,0.4456666666666667,3,,,0.254821052631579,19,-0.254821052631579,0.254821052631579,0.35985,4,,,True
rev_PROD-GAMMA-300_034,PROD-GAMMA-300,2025-02-23 23:00:00,1.0,Performance is blazing fast with zero lag during heavy gaming. Worth every single penny spent on this purchase. The shutter lag makes it impossible to capture moving kids or pets.,34,3,30,-0.3182,-0.0031250000000000028,2,,,,-0.23255,,0.2263,,-1.0,33,3.878787878787879,2.1723484848484844,0.20011656249999998,0.996875,-0.996875,0.3282894736842104,19,,,0.4085928571428571,14,,,0.49476842105263164,19,,,0.15190312499999997,16,-0.38445312499999995,0.38445312499999995,0.4456666666666667,3,,,0.24208000000000002,20,-0.015780000000000016,0.015780000000000016,0.35985,4,,,True
rev_PROD-GAMMA-300_035,PROD-GAMMA-300,2025-02-25 16:00:00,1.0,"Bezels are razor-thin with beautiful HDR contrast. Affordable budget device with flagship-grade features. Terrible stuttering in the UI, feels slow and unoptimized.",35,3,22,-0.128,-0.02009999999999997,3,,,0.5994,,,0.0,-0.6597,-1.0,34,3.7941176470588234,2.3502673796791447,0.45517005012531325,0.9799,-0.9799,0.3282894736842104,19,,,0.4085928571428571,14,,,0.49476842105263164,19,0.10463157894736841,0.10463157894736841,0.12928823529411762,17,,,0.4456666666666667,3,,,0.24132857142857148,21,-0.24132857142857148,0.24132857142857148,0.35985,4,-1.01955,1.01955,True
rev_PROD-GAMMA-300_036,PROD-GAMMA-300,2025-02-26 20:00:00,1.0,"Performance is blazing fast with zero lag during heavy gaming. The shutter lag makes it impossible to capture moving kids or pets. Outdoor brightness is incredible, easily readable in direct sunlight.",36,3,31,0.2023,0.189925,2,,,0.6124,-0.23255,,,,-1.0,35,3.7142857142857144,2.50420168067227,0.23711911764705884,1.1899250000000001,-1.1899250000000001,0.3282894736842104,19,,,0.4085928571428571,14,,,0.5,20,0.11240000000000006,0.11240000000000006,0.12928823529411762,17,-0.3618382352941176,0.3618382352941176,0.4456666666666667,3,,,0.23035909090909093,22,,,0.15594000000000002,5,,,True
rev_PROD-GAMMA-300_037,PROD-GAMMA-300,2025-02-28 20:00:00,2.0,The phone overheats during basic navigation and gaming drops fps. Display has an annoying green tint at low brightness levels.,37,2,20,-0.296,-0.148,2,,,-0.296,0.0,,,,-0.5,36,3.638888888888889,2.637301587301587,0.45526924603174607,0.352,-0.352,0.3282894736842104,19,,,0.4085928571428571,14,,,0.505352380952381,21,-0.801352380952381,0.801352380952381,0.1091861111111111,18,-0.1091861111111111,0.1091861111111111,0.4456666666666667,3,,,0.23035909090909093,22,,,0.15594000000000002,5,,,True
rev_PROD-GAMMA-300_038,PROD-GAMMA-300,2025-03-02 09:00:00,3.0,The shutter lag makes it impossible to capture moving kids or pets. Unbelievable value for money at this price point.,38,2,20,-0.0772,-0.0242,2,,,,-0.5423,,0.4939,,0.0,37,3.5945945945945947,2.636636636636636,0.4546401913875598,0.0242,0.0242,0.3282894736842104,19,,,0.4085928571428571,14,,,0.4689272727272728,22,,,0.10343947368421051,19,-0.6457394736842105,0.6457394736842105,0.4456666666666667,3,,,0.23035909090909093,22,0.2635409090909091,0.2635409090909091,0.15594000000000002,5,,,True
rev_PROD-GAMMA-300_039,PROD-GAMMA-300,2025-03-04 01:00:00,3.0,The 120Hz AMOLED display is silky smooth and vibrant. Video recording stutters and the autofocus hunts constantly.,39,2,17,0.34,0.2678,3,,-0.25,0.5267,0.5267,,,,0.0,38,3.5789473684210527,2.5746799431009952,0.3906376948051948,0.2678,-0.2678,0.3282894736842104,19,,,0.4085928571428571,14,-0.6585928571428571,0.6585928571428571,0.4689272727272728,22,0.05777272727272714,0.05777272727272714,0.07115249999999998,20,0.4555475,0.4555475,0.4456666666666667,3,,,0.24181739130434785,23,,,0.15594000000000002,5,,,True
rev_PROD-GAMMA-300_040,PROD-GAMMA-300,2025-03-04 17:00:00,2.0,"The battery life is stellar, easily lasting two full days on a single charge. Fluid UI animations, the chipset stays completely cool. Video recording stutters and the autofocus hunts constantly.",40,3,30,0.8748,0.471125,4,0.7351,-0.25,,0.6997,,,0.6997,-0.5,39,3.5641025641025643,2.5155195681511473,0.5430279887218046,0.971125,-0.971125,0.3282894736842104,19,0.40681052631578957,0.40681052631578957,0.3646866666666666,15,-0.6146866666666666,0.6146866666666666,0.4714391304347827,23,,,0.09284523809523808,21,0.606854761904762,0.606854761904762,0.4456666666666667,3,,,0.24181739130434785,23,,,0.15594000000000002,5,0.54376,0.54376,True
rev_PROD-GAMMA-300_041,PROD-GAMMA-300,2025-03-05 13:00:00,2.0,"The 120Hz AMOLED display is silky smooth and vibrant. Terrible stuttering in the UI, feels slow and unoptimized.",41,2,18,-0.25,0.1312333333333333,3,,,0.5267,0.5267,,,-0.6597,-0.5,40,3.525,2.5121794871794876,0.4559326635924461,0.6312333333333333,-0.6312333333333333,0.3486299999999999,20,,,0.32626874999999994,16,,,0.4714391304347827,23,0.05526086956521725,0.05526086956521725,0.12042954545454544,22,0.4062704545454545,0.4062704545454545,0.4456666666666667,3,,,0.24181739130434785,23,,,0.24656666666666668,6,-0.9062666666666667,0.9062666666666667,True
rev_PROD-GAMMA-300_042,PROD-GAMMA-300,2025-03-07 00:00:00,2.0,"Fluid UI animations, the chipset stays completely cool. Cheap plastic feel does not justify this premium cost. The charger gets alarmingly warm and the phone dies by afternoon.",42,3,28,0.816,0.35214,5,-0.4019,,,0.1489,0.657,0.657,0.6997,-0.5,41,3.4878048780487805,2.50609756097561,0.3940904927536232,0.85214,-0.85214,0.3486299999999999,20,-0.7505299999999999,0.7505299999999999,0.32626874999999994,16,,,0.4737416666666667,24,,,0.13809347826086957,23,0.010806521739130437,0.010806521739130437,0.4456666666666667,3,0.21133333333333332,0.21133333333333332,0.24181739130434785,23,0.41518260869565216,0.41518260869565216,0.11710000000000001,7,0.5826,0.5826,True
rev_PROD-GAMMA-300_043,PROD-GAMMA-300,2025-03-08 17:00:00,1.0,Massively overpriced for what it offers. Severe battery draining issue after the latest firmware patch.,43,2,15,-0.7269,-0.36345,2,-0.7269,,,,,0.0,,-1.0,42,3.4523809523809526,2.4976771196283396,0.6494535714285714,0.63655,-0.63655,0.3128904761904761,21,-1.0397904761904762,1.0397904761904762,0.32626874999999994,16,,,0.4737416666666667,24,,,0.13854375,24,,,0.49850000000000005,4,,,0.2591166666666667,24,-0.2591166666666667,0.2591166666666667,0.189925,8,,,True
rev_PROD-GAMMA-300_044,PROD-GAMMA-300,2025-03-10 02:00:00,3.0,The camera captures crisp details and punchy natural colors. The phone overheats during basic navigation and gaming drops fps.,44,2,19,0.8271,0.5514,3,,0.8271,0.8271,0.0,,,,0.0,43,3.395348837209302,2.5780730897009967,0.3309111111111111,0.5514,-0.5514,0.26562727272727266,22,,,0.32626874999999994,16,0.5008312500000001,0.5008312500000001,0.4737416666666667,24,0.3533583333333332,0.3533583333333332,0.13854375,24,-0.13854375,0.13854375,0.49850000000000005,4,,,0.24875200000000003,25,,,0.189925,8,,,True
rev_PROD-GAMMA-300_045,PROD-GAMMA-300,2025-03-11 07:00:00,3.0,"Noticeable lag when switching apps and intense thermal throttling. Battery drain is horrific, it loses 20% in an hour on standby.",45,2,21,-0.9403,-0.80125,2,-0.8519,,,-0.7506,,,,0.0,44,3.3863636363636362,2.5216701902748415,1.0005646363636362,0.80125,0.80125,0.26562727272727266,22,-1.1175272727272727,1.1175272727272727,0.3557294117647058,17,,,0.48787600000000003,25,,,0.13300199999999998,25,-0.883602,0.883602,0.49850000000000005,4,,,0.24875200000000003,25,,,0.189925,8,,,True
rev_PROD-GAMMA-300_046,PROD-GAMMA-300,2025-03-13 06:00:00,2.0,"The shutter lag makes it impossible to capture moving kids or pets. Unbelievable value for money at this price point. Charging is blazing fast with 65W, 0 to 80% in 25 minutes.",46,3,32,0.5423,0.17916666666666667,3,0.5859,,,-0.5423,,0.4939,,-0.5,45,3.3777777777777778,2.467676767676768,0.4184420590858417,0.6791666666666667,-0.6791666666666667,0.21703913043478254,23,0.36886086956521746,0.36886086956521746,0.3557294117647058,17,,,0.48787600000000003,25,,,0.09901730769230768,26,-0.6413173076923077,0.6413173076923077,0.49850000000000005,4,,,0.24875200000000003,25,0.24514799999999998,0.24514799999999998,0.189925,8,,,True
rev_PROD-GAMMA-300_047,PROD-GAMMA-300,2025-03-15 03:00:00,3.0,"Battery drain is horrific, it loses 20% in an hour on standby. Poor value proposition compared to competing devices.",47,2,19,-0.875,-0.5149,2,-0.8519,,,,,-0.1779,,0.0,46,3.347826086956522,2.454106280193236,0.7601945512820513,0.5149,0.5149,0.23240833333333324,24,-1.0843083333333332,1.0843083333333332,0.3557294117647058,17,,,0.48787600000000003,25,,,0.0752648148148148,27,,,0.49850000000000005,4,,,0.25818076923076927,26,-0.43608076923076927,0.43608076923076927,0.189925,8,,,True
rev_PROD-GAMMA-300_048,PROD-GAMMA-300,2025-03-16 18:00:00,1.0,"Battery drain is horrific, it loses 20% in an hour on standby. Washed out colors and poor viewing angles. Affordable budget device with flagship-grade features.",48,3,25,-0.9081,-0.4428666666666667,3,-0.8519,,-0.4767,,,0.0,,-1.0,47,3.3404255319148937,2.403330249768732,0.7491805432098766,0.5571333333333333,-0.5571333333333333,0.18903599999999993,25,-1.0409359999999999,1.0409359999999999,0.3557294117647058,17,,,0.48787600000000003,25,-0.9645760000000001,0.9645760000000001,0.0752648148148148,27,,,0.49850000000000005,4,,,0.24202962962962965,27,-0.24202962962962965,0.24202962962962965,0.189925,8,,,True
rev_PROD-GAMMA-300_049,PROD-GAMMA-300,2025-03-17 07:00:00,2.0,"Massively overpriced for what it offers. Charging is blazing fast with 65W, 0 to 80% in 25 minutes. Washed out colors and poor viewing angles.",49,3,25,0.1779,0.03639999999999999,3,0.5859,,-0.4767,,,0.0,,-0.5,48,3.2916666666666665,2.466312056737588,0.5325875457875459,0.5364,-0.5364,0.14899999999999994,26,0.43690000000000007,0.43690000000000007,0.3557294117647058,17,,,0.45077692307692313,26,-0.9274769230769231,0.9274769230769231,0.0752648148148148,27,,,0.49850000000000005,4,,,0.2333857142857143,28,-0.2333857142857143,0.2333857142857143,0.189925,8,,,True
rev_PROD-GAMMA-300_050,PROD-GAMMA-300,2025-03-18 04:00:00,3.0,"The camera captures crisp details and punchy natural colors. Excellent battery backup, 8 hours of screen-on-time easily. Washed out colors and poor viewing angles.",50,3,24,0.8934,0.6376999999999999,3,0.7269,0.8271,0.3590999999999999,,,,,0.0,49,3.2653061224489797,2.4489795918367343,0.3634716775599129,0.6376999999999999,-0.6376999999999999,0.16518148148148143,27,0.5617185185185185,0.5617185185185185,0.3557294117647058,17,0.47137058823529415,0.47137058823529415,0.41642592592592603,27,-0.05732592592592611,0.05732592592592611,0.0752648148148148,27,,,0.49850000000000005,4,,,0.22533793103448277,29,,,0.189925,8,,,True
rev_PROD-GAMMA-300_051,PROD-GAMMA-300,2025-03-18 11:00:00,2.0,"The phone overheats during basic navigation and gaming drops fps. Battery drain is horrific, it loses 20% in an hour on standby. Display has an annoying green tint at low brightness levels.",51,3,32,-0.8885,-0.3826333333333333,3,-0.8519,,-0.296,0.0,,,,-0.5,50,3.26,2.4004081632653063,0.6075954144620811,0.11736666666666667,-0.11736666666666667,0.18524285714285707,28,-1.0371428571428571,1.0371428571428571,0.38191666666666657,18,,,0.41437857142857154,28,-0.7103785714285715,0.7103785714285715,0.0752648148148148,27,-0.0752648148148148,0.0752648148148148,0.49850000000000005,4,,,0.22533793103448277,29,,,0.189925,8,,,True
rev_PROD-GAMMA-300_052,PROD-GAMMA-300,2025-03-19 08:00:00,1.0,Cheap plastic feel does not justify this premium cost. Washed out colors and poor viewing angles.,52,2,16,0.3127,0.2791,3,,,-0.4767,,0.657,0.657,,-1.0,51,3.235294117647059,2.383529411764705,0.48558160919540233,1.2791000000000001,-1.2791000000000001,0.14947931034482753,29,,,0.38191666666666657,18,,,0.3898827586206898,29,-0.8665827586206898,0.8665827586206898,0.0725767857142857,28,,,0.49850000000000005,4,0.15849999999999997,0.15849999999999997,0.22533793103448277,29,0.4316620689655173,0.4316620689655173,0.189925,8,,,True
rev_PROD-GAMMA-300_053,PROD-GAMMA-300,2025-03-20 19:00:00,1.0,"Night mode is magical, crisp photos even in dim lighting. Massively overpriced for what it offers. Battery drain is horrific, it loses 20% in an hour on standby.",53,3,28,-0.7269,-0.11933333333333333,3,-0.8519,0.4939,,,,0.0,,-1.0,52,3.1923076923076925,2.4328808446455508,0.45102977011494255,0.8806666666666667,-0.8806666666666667,0.14947931034482753,29,-1.0013793103448276,1.0013793103448276,0.38191666666666657,18,0.11198333333333343,0.11198333333333343,0.3609966666666668,30,,,0.0725767857142857,28,,,0.5302,5,,,0.2397266666666667,30,-0.2397266666666667,0.2397266666666667,0.189925,8,,,True
rev_PROD-GAMMA-300_054,PROD-GAMMA-300,2025-03-21 21:00:00,3.0,Massively overpriced for what it offers. Performance is blazing fast with zero lag during heavy gaming. Display has an annoying green tint at low brightness levels.,54,3,26,-0.2263,-0.07293333333333334,3,,,-0.296,0.0772,,0.0,,0.0,53,3.150943396226415,2.476777939042091,0.2978711431131593,0.07293333333333334,0.07293333333333334,0.11609999999999994,30,,,0.3878105263157894,19,,,0.3609966666666668,30,-0.6569966666666668,0.6569966666666668,0.0725767857142857,28,0.0046232142857143,0.0046232142857143,0.5302,5,,,0.2319935483870968,31,-0.2319935483870968,0.2319935483870968,0.189925,8,,,True
rev_PROD-GAMMA-300_055,PROD-GAMMA-300,2025-03-23 00:00:00,2.0,"Excellent battery backup, 8 hours of screen-on-time easily. Screen scratches way too easily and refresh rate drops to 60Hz randomly. Camera photos look washed out and blurry in low light.",55,3,30,0.5267,0.24386249999999998,4,0.7269,-0.6249,0.53345,,0.34,,,-0.5,54,3.1481481481481484,2.430468204053109,0.5018393251273344,0.7438625,-0.7438625,0.11609999999999994,30,0.6108,0.6108,0.3878105263157894,19,-1.0127105263157894,1.0127105263157894,0.3398032258064518,31,0.1936467741935482,0.1936467741935482,0.0727362068965517,29,,,0.5302,5,-0.19019999999999998,0.19019999999999998,0.22474375000000002,32,,,0.189925,8,,,True
rev_PROD-GAMMA-300_056,PROD-GAMMA-300,2025-03-24 13:00:00,1.0,Unbelievable value for money at this price point. Display has an annoying green tint at low brightness levels. The charger gets alarmingly warm and the phone dies by afternoon.,56,3,29,-0.1779,-0.15147499999999997,4,-0.4019,,-0.296,-0.4019,,0.4939,,-1.0,55,3.1272727272727274,2.4094276094276097,0.48083759255075087,0.848525,-0.848525,0.13580322580645157,31,-0.5377032258064516,0.5377032258064516,0.3371749999999999,20,,,0.34585468750000015,32,-0.6418546875000002,0.6418546875000002,0.0727362068965517,29,-0.47463620689655167,0.47463620689655167,0.4985,6,,,0.22474375000000002,32,0.26915625,0.26915625,0.189925,8,,,True
rev_PROD-GAMMA-300_057,PROD-GAMMA-300,2025-03-25 00:00:00,3.0,"Outdoor brightness is incredible, easily readable in direct sunlight. Cheap plastic feel does not justify this premium cost. Camera photos look washed out and blurry in low light.",57,3,28,0.6457,0.325375,4,,-0.6249,0.6124,,0.657,0.657,,0.0,56,3.0892857142857144,2.4464285714285716,0.45766761363636366,0.325375,-0.325375,0.11899999999999995,32,,,0.3371749999999999,20,-0.9620749999999999,0.9620749999999999,0.3264045454545456,33,0.28599545454545444,0.28599545454545444,0.056914999999999986,30,,,0.4985,6,0.15850000000000003,0.15850000000000003,0.23290000000000002,33,0.42410000000000003,0.42410000000000003,0.189925,8,,,True
rev_PROD-GAMMA-300_058,PROD-GAMMA-300,2025-03-26 04:00:00,1.0,"Outdoor brightness is incredible, easily readable in direct sunlight. Severe battery draining issue after the latest firmware patch. Performance is blazing fast with zero lag during heavy gaming.",58,3,28,-0.2023,-0.01243333333333331,3,-0.7269,,0.6124,0.0772,,,,-1.0,57,3.087719298245614,2.4028822055137846,0.38125627450980387,0.9875666666666667,-0.9875666666666667,0.11899999999999995,32,-0.8459,0.8459,0.29136190476190466,21,,,0.3348161764705884,34,0.27758382352941163,0.27758382352941163,0.056914999999999986,30,0.02028500000000002,0.02028500000000002,0.5211428571428571,7,,,0.2453735294117647,34,,,0.189925,8,,,True
rev_PROD-GAMMA-300_059,PROD-GAMMA-300,2025-03-28 00:00:00,3.0,Severe battery draining issue after the latest firmware patch. The shutter lag makes it impossible to capture moving kids or pets. Unbelievable value for money at this price point.,59,3,29,-0.7506,-0.25843333333333335,3,-0.7269,,,-0.5423,,0.4939,,0.0,58,3.0517241379310347,2.4358741681790677,0.5562208306978705,0.25843333333333335,0.25843333333333335,0.09336666666666661,33,-0.8202666666666666,0.8202666666666666,0.29136190476190466,21,,,0.3427471428571431,35,,,0.05756935483870967,31,-0.5998693548387096,0.5998693548387096,0.5211428571428571,7,,,0.2453735294117647,34,0.2485264705882353,0.2485264705882353,0.189925,8,,,True
rev_PROD-GAMMA-300_060,PROD-GAMMA-300,2025-03-28 15:00:00,2.0,Bezels are razor-thin with beautiful HDR contrast. Cheap plastic feel does not justify this premium cost. Video recording stutters and the autofocus hunts constantly.,60,3,24,0.8061,0.41585000000000005,4,,-0.25,0.5994,,0.657,0.657,,-0.5,59,3.0508474576271185,2.393921683226183,0.33459940476190475,0.91585,-0.91585,0.06924117647058818,34,,,0.29136190476190466,21,-0.5413619047619047,0.5413619047619047,0.3427471428571431,35,0.25665285714285696,0.25665285714285696,0.03882343749999999,32,,,0.5211428571428571,7,0.1358571428571429,0.1358571428571429,0.2524742857142857,35,0.4045257142857143,0.4045257142857143,0.189925,8,,,True
